Part Number,Cross part number,Cross manufacturer,Cross type
UHD1V271MPD,,,
UHD1V271MPD1TD,,,
UHD1V331MPD,,,
UHD1V331MPD1TD,,,
UHD1V471MPD,,,
UHD1V471MPD1TD,,,
UHD1V561MPD,,,
UHD1V561MPD1TD,,,
UHD1V681MHD,,,
UHE0J102MPD,,,
UHE0J102MPD1TD,,,
UHE0J103MHD,,,
UHE0J103MHD6,,,
UHE0J122MPD,,,
UHE0J122MPD6,,,
UHE0J122MPD6TD,,,
UHE0J123MHD,,,
UHE0J123MHD6,,,
UHE0J152MPD,,,
UHE0J153MHD,,,
UHE0J182MHD,,,
UHE0J183MHD,,,
UHE0J222MPD,,,
UHE0J272MHD,,,
UHE0J272MPD6,,,
UHE0J332MHD,,,
UHE0J392MHD,,,
UHE0J392MHD6,,,
UHE0J472MHD,,,
UHE0J562MHD,,,
UHE0J562MHD6,,,
UHE0J681MPD,,,
UHE0J682MHD,,,
UHE0J682MHD3,,,
UHE0J682MHD6,,,
UHE0J821MPD,,,
UHE0J821MPD1TD,,,
UHE0J822MHD,,,
UHE1A102MPD,,,
UHE1A102MPD6,,,
UHE1A102MPD6TD,,,
UHE1A103MHD,,,
UHE1A103MHD6,,,
UHE1A122MPD,,,
UHE1A123MHD,,,
UHE1A152MHD6,,,
UHE1A152MPD,,,
UHE1A222MHD3,,,
UHE1A222MHD6,,,
UHE1A222MPD,,,
UHE1A272MHD,,,
UHE1A332MHD,,,
UHE1A392MHD,,,
UHE1A392MHD6,,,
UHE1A471MPD,,,
UHE1A471MPD1TD,,,
UHE1A472MHD,,,
UHE1A562MHD,,,
UHE1A562MHD3,,,
UHE1A562MHD6,,,
UHE1A681MPD,,,
UHE1A681MPD1TD,,,
UHE1A681MPD6,,,
UHE1A681MPD6TD,,,
UHE1A682MHD,,,
UHE1A682MHD6,,,
UHE1A822MHD,,,
UHE1A822MHD6,,,
UHE1C102MHD6,,,
UHE1C102MPD,,,
UHE1C102MPD1TD,,,
UHE1C103MHD,,,
UHE1C122MPD,,,
UHE1C152MHD3,,,
UHE1C152MHD6,,,
UHE1C152MPD,,,
UHE1C222MHD,,,
UHE1C222MHD6,,,
UHE1C272MHD,,,
UHE1C272MHD6,,,
UHE1C331MPD,,,
UHE1C331MPD1TD,,,
UHE1C332MHD,,,
UHE1C392MHD,,,
UHE1C392MHD3,,,
UHE1C392MHD6,,,
UHE1C471MPD,,,
UHE1C471MPD1TD,,,
UHE1C471MPD6,,,
UHE1C471MPD6TD,,,
UHE1C472MHD,,,
UHE1C472MHD6,,,
UHE1C562MHD,,,
UHE1C562MHD6,,,
UHE1C681MPD,,,
UHE1C681MPD1TD,,,
UHE1C681MPD6,,,
UHE1C681MPD6TD,,,
UHE1C682MHD,,,
UHE1C822MHD,,,
UHE1E102MHD3,,,
UHE1E102MHD6,,,
UHE1E102MPD,,,
UHE1E122MHD,,,
UHE1E152MHD,,,
UHE1E182MHD,,,
UHE1E182MHD6,,,
UHE1E221MPD,,,
UHE1E221MPD1TD,,,
UHE1E222MHD,,,
UHE1E222MHD6,,,
UHE1E272MHD,,,
UHE1E272MHD6,,,
UHE1E331MPD,,,
UHE1E331MPD1TD,,,
UHE1E331MPD6,,,
UHE1E331MPD6TD,,,
UHE1E332MHD,,,
UHE1E332MHD6,,,
UHE1E392MHD,,,
UHE1E392MHD6,,,
UHE1E471MPD,,,
UHE1E471MPD6,,,
UHE1E471MPD6TD,,,
UHE1E472MHD,,,
UHE1E472MHD6,,,
UHE1E562MHD,,,
UHE1E681MHD6,,,
UHE1E681MPD,,,
UHE1E681MPD1TD,,,
UHE1E821MPD,,,
UHE1E821MPD1TD,,,
UHE1H101MPD,,,
UHE1H101MPD1TD,,,
UHE1H102MHD,,,
UHE1H102MHD3,,,
UHE1H102MHD6,,,
UHE1H121MPD,,,
UHE1H121MPD1TD,,,
UHE1H122MHD,,,
UHE1H122MHD6,,,
UHE1H151MPD,,,
UHE1H151MPD1TD,,,
UHE1H152MHD,,,
UHE1H181MPD,,,
UHE1H182MHD,,,
UHE1H182MHD6,,,
UHE1H221MPD,,,
UHE1H221MPD1TD,,,
UHE1H222MHD6,,,
UHE1H271MHD6,,,
UHE1H271MPD,,,
UHE1H272MHD,,,
UHE1H331MPD,,,
UHE1H331MPD1TD,,,
UHE1H331MPD6,,,
UHE1H471MHD3,,,
UHE1H471MHD6,,,
UHE1H471MPD,,,
UHE1H561MHD,,,
UHE1H561MHD6,,,
UHE1H681MHD,,,
UHE1H821MHD,,,
UHE1H821MHD6,,,
UHE1J102MHD,,,
UHE1J102MHD6,,,
UHE1J121MPD,,,
UHE1J121MPD1TD,,,
UHE1J121MPD6,,,
UHE1J122MHD,,,
UHE1J122MHD6,,,
UHE1J152MHD,,,
UHE1J181MHD6,,,
UHE1J181MPD,,,
UHE1J181MPD1TD,,,
UHE1J221MPD,,,
UHE1J271MHD3,,,
UHE1J271MHD6,,,
UHE1J271MPD,,,
UHE1J331MHD,,,
UHE1J391MHD,,,
UHE1J470MPD,,,
UHE1J471MHD,,,
UHE1J471MHD6,,,
UHE1J560MPD,,,
UHE1J560MPD1TD,,,
UHE1J561MHD,,,
UHE1J561MHD6,,,
UHE1J681MHD,,,
UHE1J681MHD6,,,
UHE1J820MPD,,,
UHE1J820MPD1TD,,,
UHE1J820MPD6,,,
UHE1J821MHD,,,
UHE1J821MHD6,,,
UHE1V101MPD,,,
UHE1V101MPD1TD,,,
UHE1V102MHD,,,
UHE1V102MHD6,,,
UHE1V122MHD,,,
UHE1V122MHD6,,,
UHE1V151MPD,,,
UHE1V151MPD1TD,,,
UHE1V152MHD,,,
UHE1V182MHD,,,
UHE1V182MHD3,,,
UHE1V182MHD6,,,
UHE1V221MPD,,,
UHE1V221MPD1TD,,,
UHE1V221MPD6,,,
UHE1V221MPD6TD,,,
UHE1V222MHD,,,
UHE1V222MHD6,,,
UHE1V271MPD,,,
UHE1V271MPD1TD,,,
UHE1V272MHD,,,
UHE1V272MHD6,,,
UHE1V331MPD,,,
UHE1V331MPD1TD,,,
UHE1V332MHD,,,
UHE1V332MHD6,,,
UHE1V392MHD,,,
UHE1V471MHD6,,,
UHE1V471MPD,,,
UHE1V471MPD1TD,,,
UHE1V561MPD,,,
UHE1V561MPD1TD,,,
UHE1V681MHD3,,,
UHE1V681MHD6,,,
UHE1V681MPD,,,
UHE2A101MHD6,,,
UHE2A101MPD,,,
UHE2A101MPD1TD,,,
UHE2A121MHD6,,,
UHE2A121MPD,,,
UHE2A151MHD,,,
UHE2A181MHD,,,
UHE2A181MHD6,,,
UHE2A221MHD,,,
UHE2A221MHD6,,,
UHE2A270MPD,,,
UHE2A270MPD1TD,,,
UHE2A271MHD,,,
UHE2A271MHD6,,,
UHE2A331MHD,,,
UHE2A331MHD6,,,
UHE2A390MPD,,,
UHE2A390MPD1TD,,,
UHE2A391MHD,,,
UHE2A391MHD6,,,
UHE2A470MPD,,,
UHE2A470MPD1TD,,,
UHE2A471MHD,,,
UHE2A471MHD6,,,
UHE2A560MPD,,,
UHE2A560MPD1TD,,,
UHE2A561MHD,,,
UHE2A680MPD,,,
UHE2A680MPD1TD,,,
UHE2A681MHD,,,
UHE2A820MHD6,,,
UHE2A820MPD,,,
UHE2A821MHD,,,
UHV0J102MPD,,,
UHV0J122MPD,,,
UHV0J122MPD6,,,
UHV0J152MPD,,,
UHV0J182MPD,,,
UHV0J222MPD,,,
UHV0J222MPD1TD,,,
UHV0J272MPD,,,
UHV0J332MHD,,,
UHV0J392MHD,,,
UHV0J472MHD,,,
UHV0J562MHD,,,
UHV0J681MPD,,,
UHV0J682MHD,,,
UHV0J682MHD6,,,
UHV0J821MPD,,,
UHV0J822MHD,,,
UHV1A102MPD,,,
UHV1A102MPD6,,,
UHV1A102MPD6TD,,,
UHV1A122MPD,,,
UHV1A122MPD1TD,,,
UHV1A152MPD,,,
UHV1A152MPD6,,,
UHV1A182MPD,,,
UHV1A222MPD,,,
UHV1A272MHD,,,
UHV1A332MHD,,,
UHV1A392MHD,,,
UHV1A471MPD,,,
UHV1A472MHD,,,
UHV1A472MHD6,,,
UHV1A562MHD,,,
UHV1A681MPD,,,
UHV1A682MHD,,,
UHV1A821MPD,,,
UHV1C102MPD,,,
UHV1C102MPD1TD,,,
UHV1C102MPD6,,,
UHV1C102MPD6TD,,,
UHV1C122MPD,,,
UHV1C152MPD,,,
UHV1C182MPD,,,
UHV1C222MHD,,,
UHV1C272MHD,,,
UHV1C331MPD,,,
UHV1C332MHD,,,
UHV1C332MHD6,,,
UHV1C392MHD,,,
UHV1C471MPD,,,
UHV1C471MPD1TD,,,
UHV1C472MHD,,,
UHV1C681MPD,,,
UHV1C681MPD6,,,
UHV1C821MPD,,,
UHV1E102MPD,,,
UHV1E102MPD1TD,,,
UHV1E122MHD,,,
UHV1E152MHD,,,
UHV1E182MHD,,,
UHV1E221MPD,,,
UHV1E222MHD,,,
UHV1E222MHD6,,,
UHV1E271MPD,,,
UHV1E272MHD,,,
UHV1E331MPD,,,
UHV1E331MPD1TD,,,
UHV1E332MHD,,,
UHV1E391MPD,,,
UHV1E471MPD,,,
UHV1E471MPD1TD,,,
UHV1E561MPD,,,
UHV1E681MPD,,,
UHV1E821MPD,,,
UHV1E821MPD1TD,,,
UHV1V102MHD,,,
UHV1V122MHD,,,
UHV1V151MPD,,,
UHV1V152MHD,,,
UHV1V152MHD6,,,
UHV1V182MHD,,,
UHV1V221MPD,,,
UHV1V221MPD1TD,,,
UHV1V222MHD,,,
UHV1V271MPD,,,
UHV1V331MPD,,,
UHV1V391MPD,,,
UHV1V471MPD,,,
UHV1V471MPD1TD,,,
UHV1V561MPD,,,
UHV1V681MPD,,,
UHV1V821MHD,,,
UHW0J102MPD,,,
UHW0J103MHD,,,
UHW0J122MPD,,,
UHW0J123MHD,,,
UHW0J152MPD,,,
UHW0J153MHD,,,
UHW0J182MPD,,,
UHW0J222MPD,,,
UHW0J272MPD,,,
UHW0J272MPD1TD,,,
UHW0J332MPD,,,
UHW0J332MPD1TD,,,
UHW0J392MHD,,,
UHW0J472MHD,,,
UHW0J562MHD,,,
UHW0J562MHD6,,,
UHW0J682MHD,,,
UHW0J682MHD6,,,
UHW0J821MPD,,,
UHW0J822MHD,,,
UHW1A102MPD,,,
UHW1A103MHD,,,
UHW1A122MPD,,,
UHW1A122MPD6,,,
UHW1A123MHD,,,
UHW1A152MPD,,,
UHW1A182MPD,,,
UHW1A182MPD1TD,,,
UHW1A222MPD,,,
UHW1A272MHD,,,
UHW1A332MHD,,,
UHW1A392MHD,,,
UHW1A472MHD,,,
UHW1A472MHD6,,,
UHW1A561MPD,,,
UHW1A562MHD,,,
UHW1A562MHD6,,,
UHW1A682MHD,,,
UHW1A821MPD,,,
UHW1A822MHD,,,
UHW1C102MPD,,,
UHW1C102MPD1TD,,,
UHW1C102MPD6,,,
UHW1C122MPD,,,
UHW1C122MPD6,,,
UHW1C152MPD,,,
UHW1C182MPD,,,
UHW1C222MHD,,,
UHW1C272MHD,,,
UHW1C332MHD,,,
UHW1C332MHD6,,,
UHW1C392MHD,,,
UHW1C392MHD6,,,
UHW1C471MPD,,,
UHW1C472MHD,,,
UHW1C472MHD6,,,
UHW1C561MPD,,,
UHW1C562MHD,,,
UHW1C681MPD,,,
UHW1C682MHD,,,
UHW1C821MPD,,,
UHW1C821MPD6,,,
UHW1C822MHD,,,
UHW1E102MPD,,,
UHW1E122MPD,,,
UHW1E152MHD,,,
UHW1E182MHD,,,
UHW1E222MHD,,,
UHW1E222MHD6,,,
UHW1E272MHD,,,
UHW1E272MHD6,,,
UHW1E331MPD,,,
UHW1E332MHD,,,
UHW1E332MHD6,,,
UHW1E391MPD,,,
UHW1E392MHD,,,
UHW1E471MPD,,,
UHW1E472MHD,,,
UHW1E561MPD,,,
UHW1E562MHD,,,
UHW1E681MPD,,,
UHW1E681MPD1TD,,,
UHW1E821MPD,,,
UHW1E821MPD6,,,
UHW1H101MPD,,,
UHW1H102MHD,,,
UHW1H102MHD6,,,
UHW1H121MPD,,,
UHW1H122MHD,,,
UHW1H151MPD,,,
UHW1H152MHD,,,
UHW1H152MHD6,,,
UHW1H181MPD,,,
UHW1H182MHD,,,
UHW1H221MPD,,,
UHW1H221MPD1TD,,,
UHW1H221MPD6,,,
UHW1H222MHD,,,
UHW1H271MPD,,,
UHW1H271MPD6,,,
UHW1H272MHD,,,
UHW1H331MPD,,,
UHW1H391MPD,,,
UHW1H391MPD6,,,
UHW1H471MHD6,,,
UHW1H471MPD,,,
UHW1H471MPD1TD,,,
UHW1H561MHD,,,
UHW1H681MHD,,,
UHW1H821MHD,,,
UHW1H821MHD6,,,
UHW1J101MPD,,,
UHW1J102MHD,,,
UHW1J102MHD6,,,
UHW1J121MPD,,,
UHW1J121MPD6,,,
UHW1J122MHD,,,
UHW1J122MHD6,,,
UHW1J151MPD,,,
UHW1J151MPD6,,,
UHW1J152MHD,,,
UHW1J152MHD6,,,
UHW1J181MPD,,,
UHW1J181MPD1TD,,,
UHW1J181MPD6,,,
UHW1J182MHD,,,
UHW1J182MHD6,,,
UHW1J222MHD,,,
UHW1J271MPD,,,
UHW1J331MPD,,,
UHW1J331MPD1TD,,,
UHW1J391MHD6,,,
UHW1J391MPD,,,
UHW1J561MHD,,,
UHW1J680MPD,,,
UHW1J681MHD,,,
UHW1J681MHD6,,,
UHW1J820MPD,,,
UHW1J821MHD,,,
UHW1J821MHD6,,,
UHW1K101MPD,,,
UHW1K102MHD,,,
UHW1K121MPD,,,
UHW1K121MPD1TD,,,
UHW1K122MHD,,,
UHW1K122MHD6,,,
UHW1K152MHD,,,
UHW1K181MHD6,,,
UHW1K181MPD,,,
UHW1K182MHD,,,
UHW1K221MPD,,,
UHW1K221MPD1TD,,,
UHW1K271MHD6,,,
UHW1K271MPD,,,
UHW1K391MHD,,,
UHW1K470MPD,,,
UHW1K471MHD,,,
UHW1K471MHD6,,,
UHW1K561MHD,,,
UHW1K561MHD6,,,
UHW1K680MPD,,,
UHW1K681MHD,,,
UHW1K681MHD6,,,
UHW1K820MPD,,,
UHW1K821MHD,,,
UHW1K821MHD6,,,
UHW1V102MHD,,,
UHW1V122MHD,,,
UHW1V152MHD,,,
UHW1V181MPD,,,
UHW1V182MHD,,,
UHW1V182MHD6,,,
UHW1V221MPD,,,
UHW1V222MHD,,,
UHW1V222MHD6,,,
UHW1V271MPD,,,
UHW1V271MPD6,,,
UHW1V331MPD,,,
UHW1V332MHD,,,
UHW1V391MPD,,,
UHW1V391MPD6,,,
UHW1V392MHD,,,
UHW1V471MPD,,,
UHW1V471MPD1TD,,,
UHW1V561MPD,,,
UHW1V561MPD1TD,,,
UHW1V681MPD,,,
UHW1V681MPD6,,,
UHW1V681MPD6TD,,,
UHW1V821MHD6,,,
UHW1V821MPD,,,
UHW2A101MHD6,,,
UHW2A101MPD,,,
UHW2A101MPD1TD,,,
UHW2A102MHD,,,
UHW2A121MPD,,,
UHW2A181MHD,,,
UHW2A221MHD,,,
UHW2A271MHD,,,
UHW2A271MHD6,,,
UHW2A330MPD,,,
UHW2A391MHD,,,
UHW2A391MHD3,,,
UHW2A391MHD6,,,
UHW2A470MPD,,,
UHW2A471MHD,,,
UHW2A471MHD6,,,
UHW2A560MPD,,,
UHW2A561MHD,,,
UHW2A680MPD,,,
UHW2A681MHD,,,
UHW2A681MHD6,,,
UHW2A820MPD,,,
UHW2A821MHD,,,
UHW2A821MHD6,,,
UKA0J102MPD,,,
UKA0J103MHD,,,
UKA0J153MHD,,,
UKA0J222MPD,,,
UKA0J223MHD,,,
UKA0J332MHD,,,
UKA0J471MPD,,,
UKA0J472MHD,,,
UKA0J682MHD,,,
UKA1A102MPD,,,
UKA1A103MHD,,,
UKA1A153MHD,,,
UKA1A222MHD,,,
UKA1A331MPD,,,
UKA1A332MHD,,,
UKA1A471MPD,,,
UKA1A472MHD,,,
UKA1A682MHD,,,
UKA1C102MPD,,,
UKA1C103MHD,,,
UKA1C222MHD,,,
UKA1C331MPD,,,
UKA1C332MHD,,,
UKA1C471MPD,,,
UKA1C471MPD1TD,,,
UKA1C472MHD,,,
UKA1C682MHD,,,
UKA1E102MPD,,,
UKA1E221MPD,,,
UKA1E222MHD,,,
UKA1E331MPD,,,
UKA1E331MPD1TD,,,
UKA1E332MHD,,,
UKA1E471MPD,,,
UKA1E471MPD1TD,,,
UKA1E472MHD,,,
UKA1E682MHD,,,
UKA1H101MPD,,,
UKA1H101MPD1TD,,,
UKA1H102MHD,,,
UKA1H221MPD,,,
UKA1H221MPD1TD,,,
UKA1H222MHD,,,
UKA1H331MPD,,,
UKA1H331MPD1TD,,,
UKA1H332MHD,,,
UKA1H471MHD,,,
UKA1V102MHD,,,
UKA1V221MPD,,,
UKA1V221MPD1TD,,,
UKA1V222MHD,,,
UKA1V331MPD,,,
UKA1V332MHD,,,
UKA1V471MPD,,,
UKA1V472MHD,,,
UKT1C102MPD,,,
UKT1C103MHD,,,
UKT1C222MHD,,,
UKT1C331MPD,,,
UKT1C332MHD,,,
UKT1C471MPD,,,
UKT1C472MHD,,,
UKT1C682MHD,,,
UKT1E102MPD,,,
UKT1E221MPD,,,
UKT1E222MHD,,,
UKT1E331MPD,,,
UKT1E332MHD,,,
UKT1E471MPD,,,
UKT1E472MHD,,,
UKT1E682MHD,,,
UKT1H101MPD,,,
UKT1H102MHD,,,
UKT1H221MPD,,,
UKT1H222MHD,,,
UKT1H331MPD,,,
UKT1H332MHD,,,
UKT1H471MHD,,,
UKT1V102MHD,,,
UKT1V221MPD,,,
UKT1V222MHD,,,
UKT1V331MPD,,,
UKT1V332MHD,,,
UKT1V471MPD,,,
UKT1V472MHD,,,
UKW1A102MPD,,,
UKW1A103MHD,,,
UKW1A153MHD,,,
UKW1A222MPD,,,
UKW1A332MHD,,,
UKW1A472MHD,,,
UKW1A682MHD,,,
UKW1C102MPD,,,
UKW1C103MHD,,,
UKW1C222MHD,,,
UKW1C331MPD,,,
UKW1C332MHD,,,
UKW1C471MPD,,,
UKW1C472MHD,,,
UKW1C682MHD,,,
UKW1E102MPD,,,
UKW1E221MPD,,,
UKW1E222MHD,,,
UKW1E331MPD,,,
UKW1E332MHD,,,
UKW1E471MPD,,,
UKW1E472MHD,,,
UKW1E682MHD,,,
UKW1H101MPD,,,
UKW1H102MHD,,,
UKW1H221MPD,,,
UKW1H222MHD,,,
UKW1H331MPD,,,
UKW1H332MHD,,,
UKW1H471MHD,,,
UKW1J101MPD,,,
UKW1J102MHD,,,
UKW1J221MPD,,,
UKW1J222MHD,,,
UKW1J331MPD,,,
UKW1J471MHD,,,
UKW1V102MHD,,,
UKW1V221MPD,,,
UKW1V222MHD,,,
UKW1V331MPD,,,
UKW1V332MHD,,,
UKW1V471MPD,,,
UKW1V472MHD,,,
UKW2A101MPD,,,
UKW2A102MHD,,,
UKW2A221MHD,,,
UKW2A330MPD,,,
UKW2A331MHD,,,
UKW2A470MPD,,,
UKW2A471MHD,,,
ULD1A331MPD,,,
ULD1C221MPD,,,
ULD1C271MPD,,,
ULD1E151MPD,,,
ULD1H101MPD,,,
ULD1H101MPD1TD,,,
ULD1J470MPD,,,
ULD1J470MPD1TD,,,
ULD1V101MPD,,,
ULD1V101MPD1TD,,,
ULD2A220MPD,,,
ULD2A220MPD1TD,,,
ULD2C150MPD,,,
ULD2C150MPD1TD,,,
ULD2C220MPD,,,
ULD2C220MPD1TD,,,
ULD2C330MPD,,,
ULD2C330MPD1TD,,,
ULD2D100MPD,,,
ULD2D180MPD,,,
ULD2D270MPD,,,
ULD2D270MPD1TD,,,
ULD2G2R2MPD,,,
ULD2G2R2MPD1TD,,,
ULD2G2R7MPD,,,
ULD2G2R7MPD1TD,,,
ULD2G3R3MPD,,,
ULD2G3R3MPD1TD,,,
ULD2G3R9MPD,,,
ULD2G3R9MPD1TD,,,
ULD2G4R7MPD,,,
ULD2G4R7MPD1TD,,,
ULD2G5R6MPD,,,
ULD2G6R8MPD,,,
ULD2G8R2MPD,,,
ULD2W100MPD,,,
ULD2W100MPD1TD,,,
ULD2W150MHD,,,
ULD2W220MHD,,,
ULD2W220MHD6,,,
ULD2W270MHD,,,
ULD2W330MHD,,,
ULD2W330MHD6,,,
ULD2W470MHD,,,
ULD2W5R6MPD,,,
ULD2W5R6MPD1TD,,,
ULD2W680MHD,,,
ULD2W6R8MPD,,,
ULD2W6R8MPD1TD,,,
ULD2W8R2MPD,,,
ULH2C120MNL1GS,,,
ULH2C180MNL1GS,,,
ULH2C270MNL1GS,,,
ULH2D100MNL1GS,,,
ULH2D150MNL1GS,,,
ULH2D220MNL1GS,,,
ULH2E120MNL1GS,,,
ULH2E150MNL1GS,,,
ULH2E7R5MNL1GS,,,
ULH2G3R3MNL1GS,,,
ULH2G5R6MNL1GS,,,
ULH2G7R5MNL1GS,,,
ULH2W2R2MNL1GS,,,
ULH2W3R9MNL1GS,,,
ULH2W5R6MNL1GS,,,
ULR2C150MNL1GS,,,
ULR2C270MNL1GS,,,
ULR2C390MNL1GS,,,
ULR2D120MNL1GS,,,
ULR2D220MNL1GS,,,
ULR2D330MNL1GS,,,
ULR2E100MNL1GS,,,
ULR2E150MNL1GS,,,
ULR2E220MNL1GS,,,
ULR2G120MNL1GS,,,
ULR2G4R7MNL1GS,,,
ULR2G8R2MNL1GS,,,
ULR2H2R7MNL1GS,,,
ULR2H3R9MNL1GS,,,
ULR2H5R6MNL1GS,,,
ULR2W100MNL1GS,,,
ULR2W3R9MNL1GS,,,
ULR2W6R8MNL1GS,,,
ULT2C150MNL1GS,,,
ULT2C220MNL1GS,,,
ULT2C330MNL1GS,,,
ULT2D120MNL1GS,,,
ULT2D180MNL1GS,,,
ULT2D270MNL1GS,,,
ULT2E150MNL1GS,,,
ULT2E180MNL1GS,,,
ULT2E8R2MNL1GS,,,
ULT2G100MNL1GS,,,
ULT2G3R9MNL1GS,,,
ULT2G6R8MNL1GS,,,
ULT2H1R8MNL1GS,,,
ULT2H3R3MNL1GS,,,
ULT2H4R7MNL1GS,,,
ULT2W3R3MNL1GS,,,
ULT2W5R6MNL1GS,,,
ULT2W7R5MNL1GS,,,
ULV2C150MNL1GS,,,
ULV2C220MNL1GS,,,
ULV2C330MNL1GS,,,
ULV2D120MNL1GS,,,
ULV2D180MNL1GS,,,
ULV2D270MNL1GS,,,
ULV2E150MNL1GS,,,
ULV2E180MNL1GS,,,
ULV2E8R2MNL1GS,,,
ULV2G100MNL1GS,,,
ULV2G3R9MNL1GS,,,
ULV2G6R8MNL1GS,,,
ULV2H1R8MNL1GS,,,
ULV2H3R3MNL1GS,,,
ULV2H4R7MNL1GS,,,
ULV2W3R3MNL1GS,,,
ULV2W5R6MNL1GS,,,
ULV2W7R5MNL1GS,,,
UPA0J102MPD,,,
UPA0J102MPD6,,,
UPA0J103MHD,,,
UPA0J103MHD6,,,
UPA0J122MPD,,,
UPA0J122MPD3,,,
UPA0J152MPD,,,
UPA0J152MPD1TD,,,
UPA0J152MPD3,,,
UPA0J152MPD6,,,
UPA0J222MPD,,,
UPA0J222MPD3,,,
UPA0J272MPD,,,
UPA0J332MHD,,,
UPA0J392MHD,,,
UPA0J472MHD,,,
UPA0J561MPD,,,
UPA0J562MHD,,,
UPA0J562MHD6,,,
UPA0J681MPD,,,
UPA0J682MHD,,,
UPA0J822MHD,,,
UPA0J822MHD6,,,
UPA1A102MPD,,,
UPA1A102MPD3,,,
UPA1A102MPD6,,,
UPA1A122MPD,,,
UPA1A122MPD6,,,
UPA1A152MPD,,,
UPA1A182MPD,,,
UPA1A182MPD6,,,
UPA1A222MHD3,,,
UPA1A222MPD,,,
UPA1A272MHD,,,
UPA1A332MHD,,,
UPA1A392MHD,,,
UPA1A471MPD,,,
UPA1A472MHD,,,
UPA1A472MHD6,,,
UPA1A561MPD,,,
UPA1A562MHD,,,
UPA1A682MHD,,,
UPA1A821MPD,,,
UPA1A821MPD6,,,
UPA1A822MHD,,,
UPA1A822MHD6,,,
UPA1C102MPD,,,
UPA1C102MPD3,,,
UPA1C122MPD,,,
UPA1C152MPD,,,
UPA1C152MPD1TD,,,
UPA1C222MHD,,,
UPA1C222MHD3,,,
UPA1C272MHD,,,
UPA1C331MPD,,,
UPA1C332MHD,,,
UPA1C332MHD6,,,
UPA1C391MPD,,,
UPA1C392MHD,,,
UPA1C471MPD,,,
UPA1C472MHD,,,
UPA1C472MHD6,,,
UPA1C562MHD,,,
UPA1C562MHD6,,,
UPA1C681MPD,,,
UPA1C681MPD6,,,
UPA1C682MHD,,,
UPA1C821MPD,,,
UPA1C821MPD6,,,
UPA1E102MHD3,,,
UPA1E102MPD,,,
UPA1E122MHD,,,
UPA1E182MHD,,,
UPA1E222MHD,,,
UPA1E222MHD6,,,
UPA1E271MPD,,,
UPA1E272MHD,,,
UPA1E331MPD,,,
UPA1E332MHD,,,
UPA1E332MHD6,,,
UPA1E391MPD,,,
UPA1E471MPD,,,
UPA1E471MPD6,,,
UPA1E472MHD,,,
UPA1E561MPD,,,
UPA1E561MPD1TD,,,
UPA1E561MPD6,,,
UPA1E681MPD,,,
UPA1E821MPD,,,
UPA1V102MHD,,,
UPA1V122MHD,,,
UPA1V152MHD,,,
UPA1V152MHD6,,,
UPA1V181MPD,,,
UPA1V182MHD,,,
UPA1V182MHD6,,,
UPA1V222MHD,,,
UPA1V222MHD6,,,
UPA1V271MPD,,,
UPA1V271MPD6,,,
UPA1V272MHD,,,
UPA1V272MHD6,,,
UPA1V332MHD,,,
UPA1V391MPD,,,
UPA1V391MPD1TD,,,
UPA1V391MPD6,,,
UPA1V561MPD,,,
UPA1V681MPD,,,
UPA1V681MPD1TD,,,
UPA1V821MHD,,,
UPH2G121MHD,,,
UPH2G151MHD,,,
UPH2G151MHD6,,,
UPH2G181MHD,,,
UPH2G221MHD,,,
UPH2G560MHD,,,
UPH2G680MHD,,,
UPH2G820MHD,,,
UPH2W121MHD,,,
UPH2W121MHD6,,,
UPH2W560MHD,,,
UPH2W680MHD,,,
UPHW6121MHD,,,
UPHW6121MHD6,,,
UPHW6151MHD,,,
UPHW6181MHD,,,
UPHW6560MHD,,,
UPJ0J102MHD6,,,
UPJ0J102MPD,,,
UPJ0J103MHD,,,
UPJ0J103MHD6,,,
UPJ0J122MHD6,,,
UPJ0J122MPD,,,
UPJ0J123MHD,,,
UPJ0J152MHD6,,,
UPJ0J152MPD,,,
UPJ0J153MHD,,,
UPJ0J182MHD6,,,
UPJ0J182MPD,,,
UPJ0J222MHD6,,,
UPJ0J222MPD,,,
UPJ0J272MHD,,,
UPJ0J272MHD6,,,
UPJ0J332MHD,,,
UPJ0J332MHD6,,,
UPJ0J391MPD,,,
UPJ0J392MHD,,,
UPJ0J392MHD6,,,
UPJ0J471MPD,,,
UPJ0J471MPD6,,,
UPJ0J472MHD,,,
UPJ0J472MHD6,,,
UPJ0J561MPD,,,
UPJ0J561MPD6,,,
UPJ0J562MHD,,,
UPJ0J562MHD6,,,
UPJ0J681MPD,,,
UPJ0J681MPD6,,,
UPJ0J682MHD,,,
UPJ0J682MHD6,,,
UPJ0J821MPD,,,
UPJ0J821MPD6,,,
UPJ0J822MHD,,,
UPJ0J822MHD6,,,
UPJ1A102MHD6,,,
UPJ1A102MPD,,,
UPJ1A103MHD,,,
UPJ1A122MHD6,,,
UPJ1A122MPD,,,
UPJ1A152MHD6,,,
UPJ1A152MPD,,,
UPJ1A182MHD,,,
UPJ1A182MHD6,,,
UPJ1A222MHD,,,
UPJ1A222MHD6,,,
UPJ1A272MHD,,,
UPJ1A272MHD6,,,
UPJ1A331MPD,,,
UPJ1A332MHD,,,
UPJ1A332MHD6,,,
UPJ1A391MPD,,,
UPJ1A391MPD6,,,
UPJ1A392MHD,,,
UPJ1A392MHD6,,,
UPJ1A471MPD,,,
UPJ1A471MPD6,,,
UPJ1A471MPD6TD,,,
UPJ1A472MHD,,,
UPJ1A472MHD6,,,
UPJ1A561MPD,,,
UPJ1A561MPD6,,,
UPJ1A562MHD,,,
UPJ1A562MHD6,,,
UPJ1A681MPD,,,
UPJ1A681MPD6,,,
UPJ1A682MHD,,,
UPJ1A682MHD6,,,
UPJ1A821MHD6,,,
UPJ1A821MPD,,,
UPJ1A822MHD,,,
UPJ1A822MHD6,,,
UPJ1C102MHD6,,,
UPJ1C102MPD,,,
UPJ1C122MHD,,,
UPJ1C122MHD6,,,
UPJ1C152MHD,,,
UPJ1C152MHD6,,,
UPJ1C182MHD,,,
UPJ1C182MHD6,,,
UPJ1C221MPD,,,
UPJ1C221MPD1TD,,,
UPJ1C222MHD,,,
UPJ1C222MHD6,,,
UPJ1C271MPD,,,
UPJ1C271MPD6,,,
UPJ1C272MHD,,,
UPJ1C272MHD6,,,
UPJ1C331MPD,,,
UPJ1C331MPD6,,,
UPJ1C332MHD,,,
UPJ1C332MHD6,,,
UPJ1C391MPD,,,
UPJ1C391MPD6,,,
UPJ1C392MHD,,,
UPJ1C392MHD6,,,
UPJ1C471MPD,,,
UPJ1C471MPD1TD,,,
UPJ1C471MPD6,,,
UPJ1C472MHD,,,
UPJ1C472MHD6,,,
UPJ1C561MHD6,,,
UPJ1C561MPD,,,
UPJ1C562MHD,,,
UPJ1C562MHD6,,,
UPJ1C681MHD6,,,
UPJ1C681MPD,,,
UPJ1C682MHD,,,
UPJ1C821MHD6,,,
UPJ1C821MPD,,,
UPJ1C822MHD,,,
UPJ1E102MHD,,,
UPJ1E102MHD6,,,
UPJ1E122MHD,,,
UPJ1E122MHD6,,,
UPJ1E151MPD,,,
UPJ1E152MHD,,,
UPJ1E152MHD6,,,
UPJ1E181MPD,,,
UPJ1E181MPD6,,,
UPJ1E182MHD,,,
UPJ1E182MHD6,,,
UPJ1E221MPD,,,
UPJ1E221MPD1TD,,,
UPJ1E221MPD6,,,
UPJ1E222MHD,,,
UPJ1E222MHD6,,,
UPJ1E271MPD,,,
UPJ1E271MPD6,,,
UPJ1E272MHD,,,
UPJ1E272MHD6,,,
UPJ1E331MPD,,,
UPJ1E331MPD6,,,
UPJ1E332MHD,,,
UPJ1E332MHD6,,,
UPJ1E391MHD6,,,
UPJ1E391MPD,,,
UPJ1E392MHD,,,
UPJ1E392MHD6,,,
UPJ1E471MHD6,,,
UPJ1E471MPD,,,
UPJ1E471MPD1TD,,,
UPJ1E472MHD,,,
UPJ1E561MHD6,,,
UPJ1E561MPD,,,
UPJ1E681MHD6,,,
UPJ1E681MPD,,,
UPJ1E821MHD,,,
UPJ1E821MHD6,,,
UPJ1H101MPD,,,
UPJ1H101MPD1TD,,,
UPJ1H101MPD6,,,
UPJ1H101MPD6TD,,,
UPJ1H102MHD,,,
UPJ1H102MHD6,,,
UPJ1H121MPD,,,
UPJ1H121MPD1TD,,,
UPJ1H121MPD6,,,
UPJ1H122MHD,,,
UPJ1H122MHD6,,,
UPJ1H151MHD6,,,
UPJ1H151MPD,,,
UPJ1H152MHD,,,
UPJ1H152MHD6,,,
UPJ1H181MHD6,,,
UPJ1H181MPD,,,
UPJ1H182MHD,,,
UPJ1H221MHD6,,,
UPJ1H221MPD,,,
UPJ1H221MPD1TD,,,
UPJ1H222MHD,,,
UPJ1H271MHD6,,,
UPJ1H271MPD,,,
UPJ1H331MHD6,,,
UPJ1H331MPD,,,
UPJ1H391MHD,,,
UPJ1H391MHD6,,,
UPJ1H471MHD,,,
UPJ1H471MHD6,,,
UPJ1H561MHD,,,
UPJ1H561MHD6,,,
UPJ1H680MPD,,,
UPJ1H681MHD,,,
UPJ1H681MHD6,,,
UPJ1H820MPD,,,
UPJ1H820MPD1TD,,,
UPJ1H820MPD6,,,
UPJ1H821MHD,,,
UPJ1H821MHD6,,,
UPJ1J101MHD6,,,
UPJ1J101MPD,,,
UPJ1J101MPD1TD,,,
UPJ1J102MHD,,,
UPJ1J102MHD6,,,
UPJ1J121MHD6,,,
UPJ1J121MPD,,,
UPJ1J122MHD,,,
UPJ1J151MHD6,,,
UPJ1J151MPD,,,
UPJ1J181MHD6,,,
UPJ1J181MPD,,,
UPJ1J221MHD,,,
UPJ1J221MHD6,,,
UPJ1J271MHD,,,
UPJ1J271MHD6,,,
UPJ1J331MHD,,,
UPJ1J331MHD6,,,
UPJ1J391MHD,,,
UPJ1J391MHD6,,,
UPJ1J470MPD,,,
UPJ1J471MHD,,,
UPJ1J471MHD6,,,
UPJ1J560MPD,,,
UPJ1J560MPD6,,,
UPJ1J560MPD6TD,,,
UPJ1J561MHD,,,
UPJ1J561MHD6,,,
UPJ1J680MPD,,,
UPJ1J680MPD6,,,
UPJ1J681MHD,,,
UPJ1J681MHD6,,,
UPJ1J820MPD,,,
UPJ1J820MPD6,,,
UPJ1J821MHD,,,
UPJ1J821MHD6,,,
UPJ1K101MHD6,,,
UPJ1K101MPD,,,
UPJ1K102MHD,,,
UPJ1K121MHD6,,,
UPJ1K121MPD,,,
UPJ1K151MHD6,,,
UPJ1K151MPD,,,
UPJ1K181MHD,,,
UPJ1K181MHD6,,,
UPJ1K221MHD,,,
UPJ1K221MHD6,,,
UPJ1K271MHD,,,
UPJ1K271MHD6,,,
UPJ1K330MPD,,,
UPJ1K331MHD,,,
UPJ1K331MHD6,,,
UPJ1K390MPD,,,
UPJ1K390MPD6,,,
UPJ1K391MHD,,,
UPJ1K391MHD6,,,
UPJ1K470MPD,,,
UPJ1K470MPD6,,,
UPJ1K471MHD,,,
UPJ1K471MHD6,,,
UPJ1K560MPD,,,
UPJ1K560MPD6,,,
UPJ1K561MHD,,,
UPJ1K561MHD6,,,
UPJ1K680MHD6,,,
UPJ1K680MPD,,,
UPJ1K681MHD,,,
UPJ1K681MHD6,,,
UPJ1K820MHD6,,,
UPJ1K820MPD,,,
UPJ1K821MHD,,,
UPJ1V101MPD,,,
UPJ1V102MHD,,,
UPJ1V102MHD6,,,
UPJ1V121MPD,,,
UPJ1V121MPD6,,,
UPJ1V122MHD,,,
UPJ1V122MHD6,,,
UPJ1V151MPD,,,
UPJ1V151MPD6,,,
UPJ1V152MHD,,,
UPJ1V152MHD6,,,
UPJ1V181MPD,,,
UPJ1V181MPD6,,,
UPJ1V182MHD,,,
UPJ1V182MHD6,,,
UPJ1V221MPD,,,
UPJ1V221MPD1TD,,,
UPJ1V221MPD6,,,
UPJ1V222MHD,,,
UPJ1V222MHD6,,,
UPJ1V271MHD6,,,
UPJ1V271MPD,,,
UPJ1V272MHD,,,
UPJ1V272MHD6,,,
UPJ1V331MHD6,,,
UPJ1V331MPD,,,
UPJ1V332MHD,,,
UPJ1V391MHD6,,,
UPJ1V391MPD,,,
UPJ1V471MHD6,,,
UPJ1V471MPD,,,
UPJ1V561MHD,,,
UPJ1V561MHD6,,,
UPJ1V681MHD,,,
UPJ1V681MHD6,,,
UPJ1V821MHD,,,
UPJ1V821MHD6,,,
UPJ2A101MHD6,,,
UPJ2A101MPD,,,
UPJ2A121MHD,,,
UPJ2A121MHD6,,,
UPJ2A151MHD,,,
UPJ2A151MHD6,,,
UPJ2A181MHD,,,
UPJ2A181MHD6,,,
UPJ2A220MPD,,,
UPJ2A220MPD1TD,,,
UPJ2A221MHD,,,
UPJ2A221MHD6,,,
UPJ2A270MPD,,,
UPJ2A270MPD6,,,
UPJ2A271MHD,,,
UPJ2A271MHD6,,,
UPJ2A330MPD,,,
UPJ2A330MPD6,,,
UPJ2A330MPD6TD,,,
UPJ2A331MHD,,,
UPJ2A331MHD6,,,
UPJ2A390MPD,,,
UPJ2A390MPD6,,,
UPJ2A391MHD,,,
UPJ2A391MHD6,,,
UPJ2A470MHD6,,,
UPJ2A470MPD,,,
UPJ2A471MHD,,,
UPJ2A471MHD6,,,
UPJ2A560MHD6,,,
UPJ2A560MPD,,,
UPJ2A561MHD,,,
UPJ2A680MHD6,,,
UPJ2A680MPD,,,
UPJ2A681MHD,,,
UPJ2A820MHD6,,,
UPJ2A820MPD,,,
UPM0J102MHD6,,,
UPM0J102MPD,,,
UPM0J103MHD,,,
UPM0J103MHD6,,,
UPM0J122MHD6,,,
UPM0J122MPD,,,
UPM0J123MHD,,,
UPM0J152MHD6,,,
UPM0J152MPD,,,
UPM0J153MHD,,,
UPM0J182MHD6,,,
UPM0J182MPD,,,
UPM0J222MHD6,,,
UPM0J222MPD,,,
UPM0J272MHD,,,
UPM0J272MHD6,,,
UPM0J332MHD,,,
UPM0J332MHD6,,,
UPM0J391MPD,,,
UPM0J392MHD,,,
UPM0J392MHD6,,,
UPM0J471MPD,,,
UPM0J471MPD6,,,
UPM0J472MHD,,,
UPM0J472MHD6,,,
UPM0J561MPD,,,
UPM0J561MPD6,,,
UPM0J562MHD,,,
UPM0J562MHD6,,,
UPM0J681MPD,,,
UPM0J681MPD6,,,
UPM0J682MHD,,,
UPM0J682MHD6,,,
UPM0J821MPD,,,
UPM0J821MPD6,,,
UPM0J822MHD,,,
UPM0J822MHD6,,,
UPM1A102MHD6,,,
UPM1A102MPD,,,
UPM1A102MPD1TD,,,
UPM1A103MHD,,,
UPM1A122MHD6,,,
UPM1A122MPD,,,
UPM1A152MHD6,,,
UPM1A152MPD,,,
UPM1A182MHD,,,
UPM1A182MHD6,,,
UPM1A222MHD,,,
UPM1A222MHD6,,,
UPM1A272MHD,,,
UPM1A272MHD6,,,
UPM1A331MPD,,,
UPM1A332MHD,,,
UPM1A332MHD6,,,
UPM1A391MPD,,,
UPM1A391MPD6,,,
UPM1A392MHD,,,
UPM1A392MHD6,,,
UPM1A471MPD,,,
UPM1A471MPD6,,,
UPM1A472MHD,,,
UPM1A472MHD6,,,
UPM1A561MPD,,,
UPM1A561MPD6,,,
UPM1A562MHD,,,
UPM1A562MHD6,,,
UPM1A681MPD,,,
UPM1A681MPD6,,,
UPM1A682MHD,,,
UPM1A682MHD6,,,
UPM1A821MHD6,,,
UPM1A821MPD,,,
UPM1A822MHD,,,
UPM1A822MHD6,,,
UPM1C102MHD6,,,
UPM1C102MPD,,,
UPM1C122MHD,,,
UPM1C122MHD6,,,
UPM1C152MHD,,,
UPM1C152MHD6,,,
UPM1C182MHD,,,
UPM1C182MHD6,,,
UPM1C221MPD,,,
UPM1C222MHD,,,
UPM1C222MHD6,,,
UPM1C271MPD,,,
UPM1C271MPD6,,,
UPM1C272MHD,,,
UPM1C272MHD6,,,
UPM1C331MPD,,,
UPM1C331MPD6,,,
UPM1C332MHD,,,
UPM1C332MHD6,,,
UPM1C391MPD,,,
UPM1C391MPD6,,,
UPM1C392MHD,,,
UPM1C392MHD6,,,
UPM1C471MPD,,,
UPM1C471MPD1TD,,,
UPM1C471MPD6,,,
UPM1C471MPD6TD,,,
UPM1C472MHD,,,
UPM1C472MHD6,,,
UPM1C561MPD,,,
UPM1C562MHD,,,
UPM1C562MHD6,,,
UPM1C681MHD6,,,
UPM1C681MPD,,,
UPM1C682MHD,,,
UPM1C821MHD6,,,
UPM1C821MPD,,,
UPM1C821MPD1TD,,,
UPM1C822MHD,,,
UPM1E102MHD,,,
UPM1E102MHD6,,,
UPM1E122MHD,,,
UPM1E122MHD6,,,
UPM1E151MPD,,,
UPM1E152MHD,,,
UPM1E152MHD6,,,
UPM1E181MPD,,,
UPM1E181MPD6,,,
UPM1E182MHD,,,
UPM1E182MHD6,,,
UPM1E221MPD,,,
UPM1E221MPD1TA,,,
UPM1E221MPD1TD,,,
UPM1E221MPD6,,,
UPM1E221MPD6TD,,,
UPM1E222MHD,,,
UPM1E222MHD6,,,
UPM1E271MPD,,,
UPM1E271MPD6,,,
UPM1E272MHD,,,
UPM1E272MHD6,,,
UPM1E331MPD,,,
UPM1E331MPD1TD,,,
UPM1E331MPD6,,,
UPM1E332MHD,,,
UPM1E332MHD6,,,
UPM1E391MHD6,,,
UPM1E391MPD,,,
UPM1E392MHD,,,
UPM1E392MHD6,,,
UPM1E471MHD6,,,
UPM1E471MPD,,,
UPM1E471MPD1TD,,,
UPM1E472MHD,,,
UPM1E561MHD6,,,
UPM1E561MPD,,,
UPM1E561MPD1TD,,,
UPM1E681MHD6,,,
UPM1E681MPD,,,
UPM1E821MHD,,,
UPM1E821MHD6,,,
UPM1H101MPD,,,
UPM1H101MPD1TD,,,
UPM1H101MPD6,,,
UPM1H101MPD6TD,,,
UPM1H102MHD,,,
UPM1H102MHD6,,,
UPM1H121MPD,,,
UPM1H121MPD1TD,,,
UPM1H121MPD6,,,
UPM1H121MPD6TD,,,
UPM1H122MHD,,,
UPM1H122MHD6,,,
UPM1H151MHD6,,,
UPM1H151MPD,,,
UPM1H152MHD,,,
UPM1H152MHD6,,,
UPM1H181MHD6,,,
UPM1H181MPD,,,
UPM1H181MPD1TD,,,
UPM1H182MHD,,,
UPM1H221MHD6,,,
UPM1H221MPD,,,
UPM1H221MPD1TD,,,
UPM1H222MHD,,,
UPM1H271MHD6,,,
UPM1H271MPD,,,
UPM1H331MHD6,,,
UPM1H331MPD,,,
UPM1H391MHD,,,
UPM1H391MHD6,,,
UPM1H471MHD,,,
UPM1H471MHD6,,,
UPM1H561MHD,,,
UPM1H561MHD6,,,
UPM1H680MPD,,,
UPM1H681MHD,,,
UPM1H681MHD6,,,
UPM1H820MPD,,,
UPM1H820MPD6,,,
UPM1H821MHD,,,
UPM1H821MHD6,,,
UPM1J101MHD6,,,
UPM1J101MPD,,,
UPM1J101MPD1TD,,,
UPM1J102MHD,,,
UPM1J102MHD6,,,
UPM1J121MHD6,,,
UPM1J121MPD,,,
UPM1J122MHD,,,
UPM1J151MHD6,,,
UPM1J151MPD,,,
UPM1J181MHD6,,,
UPM1J181MPD,,,
UPM1J221MHD,,,
UPM1J221MHD6,,,
UPM1J271MHD,,,
UPM1J271MHD6,,,
UPM1J331MHD,,,
UPM1J331MHD6,,,
UPM1J391MHD,,,
UPM1J391MHD6,,,
UPM1J470MPD,,,
UPM1J470MPD1TD,,,
UPM1J471MHD,,,
UPM1J471MHD6,,,
UPM1J560MPD,,,
UPM1J560MPD6,,,
UPM1J560MPD6TD,,,
UPM1J561MHD,,,
UPM1J561MHD6,,,
UPM1J680MPD,,,
UPM1J680MPD6,,,
UPM1J680MPD6TD,,,
UPM1J681MHD,,,
UPM1J681MHD6,,,
UPM1J820MPD,,,
UPM1J820MPD6,,,
UPM1J821MHD,,,
UPM1J821MHD6,,,
UPM1K101MHD6,,,
UPM1K101MPD,,,
UPM1K102MHD,,,
UPM1K121MHD6,,,
UPM1K121MPD,,,
UPM1K151MHD6,,,
UPM1K151MPD,,,
UPM1K181MHD,,,
UPM1K181MHD6,,,
UPM1K221MHD,,,
UPM1K221MHD6,,,
UPM1K271MHD,,,
UPM1K271MHD6,,,
UPM1K330MPD,,,
UPM1K331MHD,,,
UPM1K331MHD6,,,
UPM1K390MPD,,,
UPM1K390MPD6,,,
UPM1K391MHD,,,
UPM1K391MHD6,,,
UPM1K470MPD,,,
UPM1K470MPD6,,,
UPM1K471MHD,,,
UPM1K471MHD6,,,
UPM1K560MPD,,,
UPM1K560MPD6,,,
UPM1K561MHD,,,
UPM1K561MHD6,,,
UPM1K680MHD6,,,
UPM1K680MPD,,,
UPM1K681MHD,,,
UPM1K681MHD6,,,
UPM1K820MHD6,,,
UPM1K820MPD,,,
UPM1K821MHD,,,
UPM1V101MPD,,,
UPM1V101MPD1TD,,,
UPM1V102MHD,,,
UPM1V102MHD6,,,
UPM1V121MPD,,,
UPM1V121MPD6,,,
UPM1V122MHD,,,
UPM1V122MHD6,,,
UPM1V151MPD,,,
UPM1V151MPD6,,,
UPM1V151MPD6TD,,,
UPM1V152MHD,,,
UPM1V152MHD6,,,
UPM1V181MPD,,,
UPM1V181MPD6,,,
UPM1V182MHD,,,
UPM1V182MHD6,,,
UPM1V221MPD,,,
UPM1V221MPD1TD,,,
UPM1V221MPD6,,,
UPM1V221MPD6TD,,,
UPM1V222MHD,,,
UPM1V222MHD6,,,
UPM1V271MHD6,,,
UPM1V271MPD,,,
UPM1V272MHD,,,
UPM1V272MHD6,,,
UPM1V331MHD6,,,
UPM1V331MPD,,,
UPM1V331MPD1TD,,,
UPM1V332MHD,,,
UPM1V391MHD6,,,
UPM1V391MPD,,,
UPM1V391MPD1TD,,,
UPM1V471MHD6,,,
UPM1V471MPD,,,
UPM1V561MHD,,,
UPM1V561MHD6,,,
UPM1V681MHD,,,
UPM1V681MHD6,,,
UPM1V821MHD,,,
UPM1V821MHD6,,,
UPM2A101MHD6,,,
UPM2A101MPD,,,
UPM2A121MHD,,,
UPM2A121MHD6,,,
UPM2A151MHD,,,
UPM2A151MHD6,,,
UPM2A181MHD,,,
UPM2A181MHD6,,,
UPM2A220MPD,,,
UPM2A221MHD,,,
UPM2A221MHD6,,,
UPM2A270MPD,,,
UPM2A270MPD6,,,
UPM2A271MHD,,,
UPM2A271MHD6,,,
UPM2A330MPD,,,
UPM2A330MPD1TD,,,
UPM2A330MPD6,,,
UPM2A331MHD,,,
UPM2A331MHD6,,,
UPM2A390MPD,,,
UPM2A390MPD6,,,
UPM2A391MHD,,,
UPM2A391MHD6,,,
UPM2A470MHD6,,,
UPM2A470MPD,,,
UPM2A470MPD1TD,,,
UPM2A471MHD,,,
UPM2A471MHD6,,,
UPM2A560MHD6,,,
UPM2A560MPD,,,
UPM2A561MHD,,,
UPM2A680MHD6,,,
UPM2A680MPD,,,
UPM2A681MHD,,,
UPM2A820MHD6,,,
UPM2A820MPD,,,
UPS0J102MPD,,,
UPS0J103MHD,,,
UPS0J152MPD,,,
UPS0J153MHD,,,
UPS0J222MHD,,,
UPS0J332MHD,,,
UPS0J471MPD,,,
UPS0J472MHD,,,
UPS0J681MPD,,,
UPS0J682MHD,,,
UPS1A102MPD,,,
UPS1A102MPD1TD,,,
UPS1A103MHD,,,
UPS1A152MPD,,,
UPS1A153MHD,,,
UPS1A222MHD,,,
UPS1A331MPD,,,
UPS1A332MHD,,,
UPS1A471MPD,,,
UPS1A472MHD,,,
UPS1A681MPD,,,
UPS1A682MHD,,,
UPS1C102MPD,,,
UPS1C103MHD,,,
UPS1C152MHD,,,
UPS1C221MPD,,,
UPS1C221MPD1TD,,,
UPS1C222MHD,,,
UPS1C331MPD,,,
UPS1C331MPD1TD,,,
UPS1C332MHD,,,
UPS1C471MPD,,,
UPS1C471MPD1TD,,,
UPS1C472MHD,,,
UPS1C681MPD,,,
UPS1C682MHD,,,
UPS1E102MHD,,,
UPS1E151MPD,,,
UPS1E152MHD,,,
UPS1E221MPD,,,
UPS1E222MHD,,,
UPS1E331MPD,,,
UPS1E332MHD,,,
UPS1E471MPD,,,
UPS1E471MPD1TD,,,
UPS1E472MHD,,,
UPS1E681MPD,,,
UPS1E682MHD,,,
UPS1H101MPD,,,
UPS1H101MPD1TD,,,
UPS1H102MHD,,,
UPS1H151MPD,,,
UPS1H152MHD,,,
UPS1H221MPD,,,
UPS1H221MPD1TD,,,
UPS1H222MHD,,,
UPS1H331MPD,,,
UPS1H331MPD1TD,,,
UPS1H471MHD,,,
UPS1H681MHD,,,
UPS1J101MPD,,,
UPS1J101MPD1TD,,,
UPS1J102MHD,,,
UPS1J151MPD,,,
UPS1J152MHD,,,
UPS1J221MPD,,,
UPS1J222MHD,,,
UPS1J331MHD,,,
UPS1J470MPD,,,
UPS1J471MHD,,,
UPS1J681MHD,,,
UPS1V101MPD,,,
UPS1V102MHD,,,
UPS1V151MPD,,,
UPS1V152MHD,,,
UPS1V221MPD,,,
UPS1V221MPD1TD,,,
UPS1V222MHD,,,
UPS1V331MPD,,,
UPS1V331MPD1TD,,,
UPS1V332MHD,,,
UPS1V471MPD,,,
UPS1V472MHD,,,
UPS1V681MHD,,,
UPS2A101MHD,,,
UPS2A102MHD,,,
UPS2A151MHD,,,
UPS2A220MPD,,,
UPS2A220MPD1TD,,,
UPS2A221MHD,,,
UPS2A330MPD,,,
UPS2A330MPD1TD,,,
UPS2A331MHD,,,
UPS2A470MPD,,,
UPS2A470MPD1TD,,,
UPS2A471MHD,,,
UPS2A681MHD,,,
UPT2D101MHD,,,
UPT2D121MHD,,,
UPT2D151MHD,,,
UPT2D181MHD,,,
UPT2D221MHD,,,
UPT2D221MHD6,,,
UPT2D271MHD,,,
UPT2D271MHD6,,,
UPT2D331MHD,,,
UPT2D391MHD,,,
UPT2D680MPD,,,
UPT2D820MHD,,,
UPT2E101MHD,,,
UPT2E121MHD,,,
UPT2E151MHD,,,
UPT2E181MHD,,,
UPT2E181MHD6,,,
UPT2E221MHD,,,
UPT2E221MHD6,,,
UPT2E271MHD,,,
UPT2E470MPD,,,
UPT2E560MHD,,,
UPT2E680MHD,,,
UPT2E820MHD,,,
UPT2G101MHD,,,
UPT2G101MHD6,,,
UPT2G121MHD,,,
UPT2G121MHD6,,,
UPT2G151MHD,,,
UPT2G220MPD,,,
UPT2G270MHD,,,
UPT2G330MHD,,,
UPT2G390MHD,,,
UPT2G470MHD,,,
UPT2G560MHD,,,
UPT2G680MHD,,,
UPT2G820MHD,,,
UPT2P101MHD,,,
UPT2P121MHD,,,
UPT2P151MHD,,,
UPT2P181MHD,,,
UPT2P221MHD,,,
UPT2P221MHD6,,,
UPT2P271MHD,,,
UPT2P271MHD6,,,
UPT2P331MHD,,,
UPT2P560MPD,,,
UPT2P680MHD,,,
UPT2P820MHD,,,
UPT2W101MHD,,,
UPT2W150MPD,,,
UPT2W180MHD,,,
UPT2W220MHD,,,
UPT2W270MHD,,,
UPT2W330MHD,,,
UPT2W390MHD,,,
UPT2W470MHD,,,
UPT2W560MHD,,,
UPT2W680MHD,,,
UPT2W680MHD6,,,
UPT2W820MHD,,,
UPTW6101MHD,,,
UPTW6121MHD,,,
UPTW6180MPD,,,
UPTW6220MHD,,,
UPTW6270MHD,,,
UPTW6330MHD,,,
UPTW6390MHD,,,
UPTW6470MHD,,,
UPTW6560MHD,,,
UPTW6680MHD,,,
UPTW6680MHD6,,,
UPTW6820MHD,,,
UPTW6820MHD6,,,
UPV1C151MGD,,,
UPV1C181MGD,,,
UPV1C221MGD,,,
UPV1E101MGD,,,
UPV1E101MGD1TD,,,
UPV1E121MGD,,,
UPV1E151MGD,,,
UPV1E151MGD1TD,,,
UPV1H470MGD,,,
UPV1H470MGD1TD,,,
UPV1H560MGD,,,
UPV1H560MGD1TD,,,
UPV1H680MGD,,,
UPV1H680MGD1TD,,,
UPV1V101MGD,,,
UPV1V680MGD,,,
UPV1V820MGD,,,
UPV1V820MGD1TD,,,
UPW0J102MPD,,,
UPW0J102MPD1TD,,,
UPW0J103MHD,,,
UPW0J103MHD6,,,
UPW0J122MPD,,,
UPW0J122MPD1TD,,,
UPW0J122MPD6,,,
UPW0J123MHD,,,
UPW0J152MPD,,,
UPW0J153MHD,,,
UPW0J222MHD,,,
UPW0J222MPD6,,,
UPW0J222MPD6TD,,,
UPW0J272MPD,,,
UPW0J332MHD,,,
UPW0J392MHD,,,
UPW0J471MPD,,,
UPW0J472MHD,,,
UPW0J472MHD6,,,
UPW0J561MPD,,,
UPW0J562MHD,,,
UPW0J562MHD6,,,
UPW0J681MPD,,,
UPW0J682MHD,,,
UPW0J682MHD6,,,
UPW0J821MPD,,,
UPW0J821MPD6,,,
UPW0J822MHD,,,
UPW1A102MPD,,,
UPW1A102MPD1TD,,,
UPW1A102MPD6,,,
UPW1A102MPD6TD,,,
UPW1A103MHD,,,
UPW1A122MPD,,,
UPW1A122MPD1TD,,,
UPW1A152MPD,,,
UPW1A152MPD1TD,,,
UPW1A152MPD6,,,
UPW1A153MHD,,,
UPW1A222MHD,,,
UPW1A222MPD6,,,
UPW1A272MHD,,,
UPW1A331MPD,,,
UPW1A331MPD1TD,,,
UPW1A332MHD,,,
UPW1A332MHD6,,,
UPW1A392MHD,,,
UPW1A392MHD6,,,
UPW1A471MPD,,,
UPW1A471MPD1TD,,,
UPW1A472MHD,,,
UPW1A562MHD,,,
UPW1A562MHD6,,,
UPW1A681MPD,,,
UPW1A681MPD1TD,,,
UPW1A681MPD6,,,
UPW1A682MHD,,,
UPW1A682MHD6,,,
UPW1A822MHD,,,
UPW1A822MHD6,,,
UPW1C102MPD,,,
UPW1C102MPD1TD,,,
UPW1C103MHD,,,
UPW1C122MPD,,,
UPW1C152MHD,,,
UPW1C152MPD6,,,
UPW1C221MPD,,,
UPW1C222MHD,,,
UPW1C272MHD,,,
UPW1C272MHD6,,,
UPW1C331MPD,,,
UPW1C331MPD1TD,,,
UPW1C332MHD,,,
UPW1C332MHD6,,,
UPW1C392MHD,,,
UPW1C392MHD6,,,
UPW1C471MPD,,,
UPW1C471MPD1TD,,,
UPW1C471MPD6,,,
UPW1C471MPD6TD,,,
UPW1C472MHD,,,
UPW1C472MHD6,,,
UPW1C562MHD,,,
UPW1C562MHD6,,,
UPW1C681MPD,,,
UPW1C681MPD6,,,
UPW1C682MHD,,,
UPW1C821MPD,,,
UPW1C821MPD1TD,,,
UPW1C822MHD,,,
UPW1E102MHD,,,
UPW1E102MPD6,,,
UPW1E151MPD,,,
UPW1E152MHD,,,
UPW1E152MHD6,,,
UPW1E182MHD,,,
UPW1E182MHD6,,,
UPW1E221MPD,,,
UPW1E221MPD1TD,,,
UPW1E222MHD,,,
UPW1E222MHD3,,,
UPW1E222MHD6,,,
UPW1E272MHD,,,
UPW1E331MPD,,,
UPW1E331MPD1TD,,,
UPW1E331MPD6,,,
UPW1E331MPD6TD,,,
UPW1E332MHD,,,
UPW1E332MHD6,,,
UPW1E392MHD,,,
UPW1E392MHD6,,,
UPW1E471MPD,,,
UPW1E471MPD1TD,,,
UPW1E471MPD6,,,
UPW1E471MPD6TD,,,
UPW1E472MHD,,,
UPW1E561MPD,,,
UPW1E681MPD,,,
UPW1E681MPD1TD,,,
UPW1E682MHD,,,
UPW1E821MPD,,,
UPW1H101MPD,,,
UPW1H101MPD1TD,,,
UPW1H102MHD,,,
UPW1H121MPD,,,
UPW1H121MPD1TD,,,
UPW1H121MPD6,,,
UPW1H122MHD,,,
UPW1H122MHD6,,,
UPW1H151MPD,,,
UPW1H151MPD1TD,,,
UPW1H152MHD,,,
UPW1H152MHD6,,,
UPW1H181MPD,,,
UPW1H181MPD6,,,
UPW1H182MHD,,,
UPW1H221MPD,,,
UPW1H221MPD1TD,,,
UPW1H221MPD6,,,
UPW1H221MPD6TD,,,
UPW1H222MHD,,,
UPW1H271MPD,,,
UPW1H331MPD,,,
UPW1H331MPD1TD,,,
UPW1H331MPD6,,,
UPW1H391MHD,,,
UPW1H471MHD,,,
UPW1H561MHD,,,
UPW1H681MHD,,,
UPW1H681MHD6,,,
UPW1H820MPD,,,
UPW1H821MHD,,,
UPW1H821MHD6,,,
UPW1J101MPD,,,
UPW1J101MPD1TD,,,
UPW1J101MPD6,,,
UPW1J101MPD6TD,,,
UPW1J102MHD,,,
UPW1J102MHD6,,,
UPW1J121MPD,,,
UPW1J121MPD1TD,,,
UPW1J122MHD,,,
UPW1J151MPD,,,
UPW1J151MPD1TD,,,
UPW1J152MHD,,,
UPW1J181MHD6,,,
UPW1J181MPD,,,
UPW1J221MPD,,,
UPW1J221MPD1TD,,,
UPW1J221MPD6,,,
UPW1J221MPD6TD,,,
UPW1J222MHD,,,
UPW1J271MHD,,,
UPW1J331MHD,,,
UPW1J391MHD,,,
UPW1J391MHD6,,,
UPW1J470MPD,,,
UPW1J470MPD1TD,,,
UPW1J471MHD,,,
UPW1J471MHD3,,,
UPW1J471MHD6,,,
UPW1J680MPD,,,
UPW1J680MPD1TD,,,
UPW1J681MHD,,,
UPW1J681MHD3,,,
UPW1J681MHD6,,,
UPW1J821MHD,,,
UPW1J821MHD6,,,
UPW1V101MPD,,,
UPW1V101MPD1TD,,,
UPW1V102MHD,,,
UPW1V122MHD,,,
UPW1V122MHD6,,,
UPW1V151MPD,,,
UPW1V151MPD1TD,,,
UPW1V152MHD,,,
UPW1V152MHD6,,,
UPW1V182MHD,,,
UPW1V182MHD6,,,
UPW1V221MPD,,,
UPW1V221MPD1TD,,,
UPW1V221MPD6,,,
UPW1V221MPD6TD,,,
UPW1V222MHD,,,
UPW1V222MHD6,,,
UPW1V272MHD,,,
UPW1V272MHD6,,,
UPW1V331MPD,,,
UPW1V331MPD1TD,,,
UPW1V331MPD6,,,
UPW1V331MPD6TD,,,
UPW1V332MHD,,,
UPW1V391MPD,,,
UPW1V391MPD1TD,,,
UPW1V471MPD,,,
UPW1V471MPD1TD,,,
UPW1V472MHD,,,
UPW1V561MPD,,,
UPW1V561MPD1TD,,,
UPW1V681MHD,,,
UPW1V681MPD6,,,
UPW2A101MHD,,,
UPW2A102MHD,,,
UPW2A150MPD,,,
UPW2A151MHD,,,
UPW2A181MHD,,,
UPW2A181MHD6,,,
UPW2A220MPD,,,
UPW2A220MPD1TD,,,
UPW2A221MHD,,,
UPW2A221MHD6,,,
UPW2A330MPD,,,
UPW2A330MPD1TD,,,
UPW2A330MPD6,,,
UPW2A330MPD6TD,,,
UPW2A331MHD,,,
UPW2A391MHD,,,
UPW2A470MPD,,,
UPW2A470MPD1TD,,,
UPW2A470MPD6,,,
UPW2A470MPD6TD,,,
UPW2A471MHD,,,
UPW2A561MHD,,,
UPW2A680MPD,,,
UPW2A680MPD1TD,,,
UPW2A681MHD,,,
UPW2A820MPD,,,
UPW2A820MPD1TD,,,
UPZ2D151MHD,,,
UPZ2D181MHD,,,
UPZ2D221MHD,,,
UPZ2D271MHD,,,
UPZ2D331MHD,,,
UPZ2D331MHD6,,,
UPZ2D391MHD,,,
UPZ2D391MHD6,,,
UPZ2D471MHD,,,
UPZ2D820MPD,,,
UPZ2G101MHD,,,
UPZ2G121MHD,,,
UPZ2G121MHD6,,,
UPZ2G151MHD,,,
UPZ2G151MHD6,,,
UPZ2G181MHD,,,
UPZ2G270MPD,,,
UPZ2G470MHD,,,
UPZ2G560MHD,,,
UPZ2G680MHD,,,
UPZ2W101MHD,,,
UPZ2W121MHD,,,
UPZ2W180MPD,,,
UPZ2W330MHD,,,
UPZ2W390MHD,,,
UPZ2W470MHD,,,
UPZ2W560MHD,,,
UPZ2W680MHD,,,
UPZ2W820MHD,,,
UPZ2W820MHD6,,,
UPZW6101MHD,,,
UPZW6101MHD6,,,
UPZW6121MHD,,,
UPZW6151MHD,,,
UPZW6220MPD,,,
UPZW6390MHD,,,
UPZW6470MHD,,,
UPZW6560MHD,,,
UPZW6680MHD,,,
UPZW6820MHD,,,
URS1C102MHD,,,
URS1C222MHD,,,
URS1C332MHD,,,
URS1C472MHD,,,
URS1C682MHD,,,
URS1E102MHD,,,
URS1E222MHD,,,
URS1E332MHD,,,
URS1E471MPD,,,
URS1E472MHD,,,
URS1H102MHD,,,
URS1H221MPD,,,
URS1H331MHD,,,
URS1H471MHD,,,
URS1J221MHD,,,
URS1J331MHD,,,
URS1J471MHD,,,
URS1V102MHD,,,
URS1V222MHD,,,
URS1V331MPD,,,
URS1V471MHD,,,
URS2A101MHD,,,
URS2A221MHD,,,
URS2A331MHD,,,
URS2A470MPD,,,
URZ1C102MHD,,,
URZ1C222MHD,,,
URZ1C332MHD,,,
URZ1C472MHD,,,
URZ1C682MHD,,,
URZ1E102MHD,,,
URZ1E222MHD,,,
URZ1E332MHD,,,
URZ1E471MPD,,,
URZ1E472MHD,,,
URZ1H102MHD,,,
URZ1H221MPD,,,
URZ1H221MPD1TD,,,
URZ1H331MHD,,,
URZ1H471MHD,,,
URZ1J221MHD,,,
URZ1J331MHD,,,
URZ1J471MHD,,,
URZ1V102MHD,,,
URZ1V222MHD,,,
URZ1V331MPD,,,
URZ1V471MHD,,,
URZ2A101MHD,,,
URZ2A221MHD,,,
URZ2A331MHD,,,
URZ2A470MPD,,,
UTF2W101MND,,,
UTF2W121MND,,,
UTF2W131MND,,,
UTF2W151MND,,,
UTF2W171MND,,,
UTH2G121MND,,,
UTH2G121MND6,,,
UTH2G141MND,,,
UTH2G151MND,,,
UTH2G161MND,,,
UTH2G181MND,,,
UTH2G201MND,,,
UTH2G560MND,,,
UTH2G750MND,,,
UTH2G820MND,,,
UTH2W101MND,,,
UTH2W101MND6,,,
UTH2W121MND,,,
UTH2W131MND,,,
UTH2W131MND6,,,
UTH2W141MND,,,
UTH2W161MND,,,
UTH2W470MND,,,
UTH2W620MND,,,
UTH2W750MND,,,
UTHW6101MND,,,
UTHW6111MND,,,
UTHW6121MND,,,
UTHW6131MND,,,
UTHW6141MND,,,
UTHW6161MND,,,
UTHW6181MND,,,
UTHW6530MND,,,
UTHW6680MND,,,
UTHW6820MND,,,
UUA0J101MCL1GS,,,
UUA0J102MNL1GS,,,
UUA0J220MCL1GS,,,
UUA0J221MCL1GS,,,
UUA0J330MCL1GS,,,
UUA0J331MNL1GS,,,
UUA0J470MCL1GS,,,
UUA0J471MNL1GS,,,
UUA1A101MCL1GS,,,
UUA1A220MCL1GS,,,
UUA1A221MNL1GS,,,
UUA1A330MCL1GS,,,
UUA1A331MNL1GS,,,
UUA1A470MCL1GS,,,
UUA1A471MNL1GS,,,
UUA1C100MCL1GS,,,
UUA1C101MCL1GS,,,
UUA1C220MCL1GS,,,
UUA1C221MNL1GS,,,
UUA1C330MCL1GS,,,
UUA1C331MNL1GS,,,
UUA1C470MCL1GS,,,
UUA1C471MNL1GS,,,
UUA1E100MCL1GS,,,
UUA1E101MNL1GS,,,
UUA1E220MCL1GS,,,
UUA1E221MNL1GS,,,
UUA1E330MCL1GS,,,
UUA1E331MNL1GS,,,
UUA1E470MCL1GS,,,
UUA1H010MCL1GS,,,
UUA1H100MCL1GS,,,
UUA1H101MNL1GS,,,
UUA1H220MCL1GS,,,
UUA1H2R2MCL1GS,,,
UUA1H330MNL1GS,,,
UUA1H3R3MCL1GS,,,
UUA1H470MNL1GS,,,
UUA1H4R7MCL1GS,,,
UUA1V100MCL1GS,,,
UUA1V101MNL1GS,,,
UUA1V220MCL1GS,,,
UUA1V221MNL1GS,,,
UUA1V330MCL1GS,,,
UUA1V470MNL1GS,,,
UUA1V4R7MCL1GS,,,
UUB1A101MCL1GS,,,
UUB1A221MNL1GS,,,
UUB1A331MNL1GS,,,
UUB1C101MNL1GS,,,
UUB1C221MNL1GS,,,
UUB1E101MNL1GS,,,
UUB1E221MNL1GS,,,
UUB1E470MCL1GS,,,
UUB1H100MCL1GS,,,
UUB1H220MCL1GS,,,
UUB1H330MNL1GS,,,
UUB1H470MNL1GS,,,
UUB1V101MNL1GS,,,
UUB1V330MCL1GS,,,
UUB1V470MNL1GS,,,
UUB2C100MNL1GS,,,
UUB2C6R8MNL1GS,,,
UUB2D100MNL1GS,,,
UUB2D4R7MNL1GS,,,
UUB2D6R8MNL1GS,,,
UUB2E3R3MNL1GS,,,
UUB2E4R7MNL1GS,,,
UUB2G010MNL1GS,,,
UUB2G1R8MNL1GS,,,
UUB2G2R2MNL1GS,,,
UUB2G3R3MNL1GS,,,
UUD0J101MCL1GS,,,
UUD0J102MNL1GS,,,
UUD0J151MCL1GS,,,
UUD0J152MNL1GS,,,
UUD0J221MCL1GS,,,
UUD0J270MCL1GS,,,
UUD0J330MCL1GS,,,
UUD0J331MCL1GS,,,
UUD0J470MCL1GS,,,
UUD0J471MNL1GS,,,
UUD0J560MCL1GS,,,
UUD0J680MCL1GS,,,
UUD0J681MNL1GS,,,
UUD1A101MCL1GS,,,
UUD1A102MNL1GS,,,
UUD1A151MCL1GS,,,
UUD1A220MCL1GS,,,
UUD1A221MCL1GS,,,
UUD1A270MCL1GS,,,
UUD1A330MCL1GS,,,
UUD1A331MNL1GS,,,
UUD1A470MCL1GS,,,
UUD1A471MNL1GS,,,
UUD1A560MCL1GS,,,
UUD1A680MCL1GS,,,
UUD1A681MNL1GS,,,
UUD1C101MCL1GS,,,
UUD1C150MCL1GS,,,
UUD1C151MCL1GS,,,
UUD1C220MCL1GS,,,
UUD1C221MCL1GS,,,
UUD1C270MCL1GS,,,
UUD1C330MCL1GS,,,
UUD1C331MNL1GS,,,
UUD1C470MCL1GS,,,
UUD1C471MNL1GS,,,
UUD1C471MNS1GS,,,
UUD1C560MCL1GS,,,
UUD1C680MCL1GS,,,
UUD1C681MNL1GS,,,
UUD1E100MCL1GS,,,
UUD1E101MCL1GS,,,
UUD1E150MCL1GS,,,
UUD1E151MNL1GS,,,
UUD1E220MCL1GS,,,
UUD1E221MNL1GS,,,
UUD1E270MCL1GS,,,
UUD1E330MCL1GS,,,
UUD1E331MNL1GS,,,
UUD1E470MCL1GS,,,
UUD1E471MNL1GS,,,
UUD1E560MCL1GS,,,
UUD1E680MCL1GS,,,
UUD1H010MCL1GS,,,
UUD1H100MCL1GS,,,
UUD1H101MNL1GS,,,
UUD1H101MNS1GS,,,
UUD1H150MCL1GS,,,
UUD1H151MNL1GS,,,
UUD1H220MCL1GS,,,
UUD1H221MNL1GS,,,
UUD1H270MCL1GS,,,
UUD1H2R2MCL1GS,,,
UUD1H330MCL1GS,,,
UUD1H3R3MCL1GS,,,
UUD1H470MCL1GS,,,
UUD1H4R7MCL1GS,,,
UUD1H560MNL1GS,,,
UUD1H680MNL1GS,,,
UUD1V100MCL1GS,,,
UUD1V101MNL1GS,,,
UUD1V150MCL1GS,,,
UUD1V151MNL1GS,,,
UUD1V220MCL1GS,,,
UUD1V221MNL1GS,,,
UUD1V221MNQ1GS,,,
UUD1V221MNS1GS,,,
UUD1V270MCL1GS,,,
UUD1V330MCL1GS,,,
UUD1V331MNL1GS,,,
UUD1V331MNS1GS,,,
UUD1V470MCL1GS,,,
UUD1V4R7MCL1GS,,,
UUD1V560MCL1GS,,,
UUD1V680MCL1GS,,,
UUE1C102MNS1MS,,,
UUE1C222MNS1MS,,,
UUE1C331MNS1MS,,,
UUE1C471MNS1MS,,,
UUE1C681MNS1MS,,,
UUE1E102MNS1MS,,,
UUE1E331MNS1MS,,,
UUE1E471MNS1MS,,,
UUE1E681MNS1MS,,,
UUE1E681MNS6MS,,,
UUE1H101MNS1MS,,,
UUE1H221MNS1MS,,,
UUE1H331MNS1MS,,,
UUE1H471MNS1MS,,,
UUE1V102MNS6MS,,,
UUE1V221MNS1MS,,,
UUE1V331MNS1MS,,,
UUE1V471MNS1MS,,,
UUE1V681MNS1MS,,,
UUG1A102MNJ1MS,,,
UUG1A103MNJ6MS,,,
UUG1A222MNJ1MS,,,
UUG1A332MNJ1MS,,,
UUG1A472MNJ1MS,,,
UUG1A472MNJ6MS,,,
UUG1A682MNJ1MS,,,
UUG1C102MNJ1MS,,,
UUG1C222MNJ1MS,,,
UUG1C222MNJ6MS,,,
UUG1C332MNJ1MS,,,
UUG1C332MNJ6MS,,,
UUG1C472MNJ1MS,,,
UUG1E102MNJ1MS,,,
UUG1E222MNJ1MS,,,
UUG1E222MNJ6MS,,,
UUG1E332MNJ1MS,,,
UUG1E471MNJ1MS,,,
UUG1H102MNJ1MS,,,
UUG1H221MNJ1MS,,,
UUG1H331MNJ1MS,,,
UUG1H471MNJ1MS,,,
UUG1H471MNJ6MS,,,
UUG1J101MNJ1MS,,,
UUG1J221MNJ1MS,,,
UUG1J331MNJ1MS,,,
UUG1J331MNJ6MS,,,
UUG1J471MNJ1MS,,,
UUG1J471MNJ6MS,,,
UUG1V102MNJ1MS,,,
UUG1V102MNJ6MS,,,
UUG1V222MNJ1MS,,,
UUG1V471MNJ1MS,,,
UUG2A101MNJ1MS,,,
UUG2A221MNJ1MS,,,
UUG2A221MNJ6MS,,,
UUG2A331MNJ1MS,,,
UUG2A680MNJ1MS,,,
UUJ1A102MNJ1MS,,,
UUJ1A222MNJ1MS,,,
UUJ1A222MNJ6MS,,,
UUJ1A332MNJ1MS,,,
UUJ1A332MNJ6MS,,,
UUJ1A472MNJ1MS,,,
UUJ1A682MNJ6MS,,,
UUJ1C102MNJ1MS,,,
UUJ1C102MNJ6MS,,,
UUJ1C222MNJ1MS,,,
UUJ1C222MNJ6MS,,,
UUJ1C332MNJ1MS,,,
UUJ1C471MNJ1MS,,,
UUJ1E102MNJ1MS,,,
UUJ1E102MNJ6MS,,,
UUJ1E222MNJ1MS,,,
UUJ1E331MNJ1MS,,,
UUJ1E471MNJ1MS,,,
UUJ1H102MNJ1MS,,,
UUJ1H221MNJ1MS,,,
UUJ1H331MNJ1MS,,,
UUJ1H331MNJ6MS,,,
UUJ1H471MNJ1MS,,,
UUJ1H471MNJ6MS,,,
UUJ1J101MNJ1MS,,,
UUJ1J221MNJ1MS,,,
UUJ1J221MNJ6MS,,,
UUJ1J331MNJ1MS,,,
UUJ1J331MNJ6MS,,,
UUJ1J471MNJ1MS,,,
UUJ1J680MNJ1MS,,,
UUJ1V102MNJ1MS,,,
UUJ1V102MNJ6MS,,,
UUJ1V221MNJ1MS,,,
UUJ1V222MNJ6MS,,,
UUJ1V331MNJ1MS,,,
UUJ1V471MNJ1MS,,,
UUJ1V471MNJ6MS,,,
UUJ2A101MNJ1MS,,,
UUJ2A101MNJ6MS,,,
UUJ2A221MNJ1MS,,,
UUJ2A221MNJ6MS,,,
UUJ2A331MNJ6MS,,,
UUJ2A470MNJ1MS,,,
UUJ2A680MNJ1MS,,,
UUJ2A680MNQ3MS,,,
UUJ2C101MNJ1MS,,,
UUJ2C330MNJ1MS,,,
UUJ2C470MNJ1MS,,,
UUJ2C470MNJ6MS,,,
UUJ2C680MNJ1MS,,,
UUJ2C680MNJ6MS,,,
UUJ2D100MNJ1MS,,,
UUJ2D101MNJ6MS,,,
UUJ2D220MNJ1MS,,,
UUJ2D330MNJ1MS,,,
UUJ2D330MNJ6MS,,,
UUJ2D470MNJ1MS,,,
UUJ2D470MNJ6MS,,,
UUJ2D680MNJ1MS,,,
UUJ2E100MNJ1MS,,,
UUJ2E220MNJ1MS,,,
UUJ2E220MNJ6MS,,,
UUJ2E330MNJ1MS,,,
UUJ2E330MNJ6MS,,,
UUJ2E470MNJ1MS,,,
UUJ2E4R7MNJ1MS,,,
UUJ2E680MNJ6MS,,,
UUJ2G100MNJ1MS,,,
UUJ2G220MNJ1MS,,,
UUJ2G330MNJ6MS,,,
UUJ2G4R7MNJ1MS,,,
UUJ2W100MNJ1MS,,,
UUJ2W220MNJ1MS,,,
UUJ2W330MNJ6MS,,,
UUJ2W3R3MNJ1MS,,,
UUJ2W4R7MNJ1MS,,,
UUL0J101MCL1GS,,,
UUL0J102MNL1GS,,,
UUL0J221MCL1GS,,,
UUL0J330MCL1GS,,,
UUL0J331MNL1GS,,,
UUL0J470MCL1GS,,,
UUL0J471MNL1GS,,,
UUL1A101MCL1GS,,,
UUL1A220MCL1GS,,,
UUL1A221MNL1GS,,,
UUL1A330MCL1GS,,,
UUL1A331MNL1GS,,,
UUL1A470MCL1GS,,,
UUL1A471MNL1GS,,,
UUL1C100MCL1GS,,,
UUL1C101MCL1GS,,,
UUL1C220MCL1GS,,,
UUL1C221MNL1GS,,,
UUL1C330MCL1GS,,,
UUL1C331MNL1GS,,,
UUL1C470MCL1GS,,,
UUL1C471MNL1GS,,,
UUL1E100MCL1GS,,,
UUL1E101MNL1GS,,,
UUL1E220MCL1GS,,,
UUL1E221MNL1GS,,,
UUL1E330MCL1GS,,,
UUL1E331MNL1GS,,,
UUL1E470MCL1GS,,,
UUL1H010MCL1GS,,,
UUL1H100MCL1GS,,,
UUL1H101MNL1GS,,,
UUL1H220MCL1GS,,,
UUL1H2R2MCL1GS,,,
UUL1H330MNL1GS,,,
UUL1H3R3MCL1GS,,,
UUL1H470MNL1GS,,,
UUL1H4R7MCL1GS,,,
UUL1V100MCL1GS,,,
UUL1V101MNL1GS,,,
UUL1V220MCL1GS,,,
UUL1V221MNL1GS,,,
UUL1V330MCL1GS,,,
UUL1V470MNL1GS,,,
UUL1V4R7MCL1GS,,,
UUN1C102MNJ1MS,,,
UUN1C102MNJ6MS,,,
UUN1C331MNJ1MS,,,
UUN1C471MNJ1MS,,,
UUN1E102MNJ1MS,,,
UUN1E221MNJ1MS,,,
UUN1E331MNJ1MS,,,
UUN1E471MNJ1MS,,,
UUN1H101MNJ1MS,,,
UUN1H221MNJ1MS,,,
UUN1H221MNJ6MS,,,
UUN1H331MNJ1MS,,,
UUN1H470MNJ1MS,,,
UUN1H471MNJ6MS,,,
UUN1J101MNJ1MS,,,
UUN1J221MNJ1MS,,,
UUN1J331MNJ6MS,,,
UUN1J470MNJ1MS,,,
UUN1V101MNJ1MS,,,
UUN1V221MNJ1MS,,,
UUN1V331MNJ1MS,,,
UUN1V331MNJ6MS,,,
UUN1V471MNJ1MS,,,
UUN2A101MNJ1MS,,,
UUN2A220MNJ1MS,,,
UUN2A330MNJ1MS,,,
UUN2A470MNJ1MS,,,
UUP0J220MCL1GS,,,
UUP0J330MCL1GS,,,
UUP0J470MCL1GS,,,
UUP1A100MCL1GS,,,
UUP1A220MCL1GS,,,
UUP1A330MCL1GS,,,
UUP1C100MCL1GS,,,
UUP1C220MCL1GS,,,
UUP1C330MCL1GS,,,
UUP1C4R7MCL1GS,,,
UUP1E100MCL1GS,,,
UUP1E3R3MCL1GS,,,
UUP1E4R7MCL1GS,,,
UUP1H010MCL1GS,,,
UUP1H0R1MCL1GS,,,
UUP1H2R2MCL1GS,,,
UUP1H3R3MCL1GS,,,
UUP1H4R7MCL1GS,,,
UUP1HR22MCL1GS,,,
UUP1HR33MCL1GS,,,
UUP1HR47MCL1GS,,,
UUP1V100MCL1GS,,,
UUP1V2R2MCL1GS,,,
UUP1V3R3MCL1GS,,,
UUP1V4R7MCL1GS,,,
UUQ0J101MCL1GB,,,
UUQ0J102MCL1GS,,,
UUQ0J220MCL1GB,,,
UUQ0J221MCL1GS,,,
UUQ0J221MCL6GS,,,
UUQ0J330MCL1GB,,,
UUQ0J331MCL1GS,,,
UUQ0J331MCL6GS,,,
UUQ0J470MCL1GB,,,
UUQ0J471MCL1GS,,,
UUQ0J471MCL6GS,,,
UUQ1A100MCL1GB,,,
UUQ1A101MCL1GB,,,
UUQ1A101MCL6GS,,,
UUQ1A220MCL1GB,,,
UUQ1A221MCL1GS,,,
UUQ1A221MCL6GS,,,
UUQ1A330MCL1GB,,,
UUQ1A331MCL1GS,,,
UUQ1A331MCL6GS,,,
UUQ1A470MCL1GB,,,
UUQ1A471MCL1GS,,,
UUQ1A471MCL6GS,,,
UUQ1C100MCL1GB,,,
UUQ1C101MCL1GS,,,
UUQ1C101MCL6GS,,,
UUQ1C220MCL1GB,,,
UUQ1C221MCL1GS,,,
UUQ1C221MCL6GS,,,
UUQ1C330MCL1GB,,,
UUQ1C331MCL1GS,,,
UUQ1C331MCL6GS,,,
UUQ1C470MCL1GB,,,
UUQ1C471MCL1GS,,,
UUQ1C471MCL6GS,,,
UUQ1E100MCL1GB,,,
UUQ1E101MCL1GS,,,
UUQ1E220MCL1GB,,,
UUQ1E221MCL1GS,,,
UUQ1E330MCL1GB,,,
UUQ1E470MCL1GS,,,
UUQ1E4R7MCL1GB,,,
UUQ1H010MCL1GB,,,
UUQ1H100MCL1GB,,,
UUQ1H101MCL1GS,,,
UUQ1H220MCL1GS,,,
UUQ1H2R2MCL1GB,,,
UUQ1H330MCL1GS,,,
UUQ1H3R3MCL1GB,,,
UUQ1H470MCL1GS,,,
UUQ1H4R7MCL1GB,,,
UUQ1V100MCL1GB,,,
UUQ1V101MCL1GS,,,
UUQ1V220MCL1GB,,,
UUQ1V221MCL1GS,,,
UUQ1V330MCL1GS,,,
UUQ1V470MCL1GS,,,
UUQ1V4R7MCL1GB,,,
UUX0J102MNL1GS,,,
UUX0J221MCL6GS,,,
UUX0J221MNL1GS,,,
UUX0J331MNL1GS,,,
UUX0J471MNL1GS,,,
UUX0J471MNL6GS,,,
UUX0J681MNL1GS,,,
UUX1A101MCL1GS,,,
UUX1A221MNL1GS,,,
UUX1A331MNL1GS,,,
UUX1A331MNL6GS,,,
UUX1A471MNL1GS,,,
UUX1A471MNL6GS,,,
UUX1A681MNL1GS,,,
UUX1C101MCL6GS,,,
UUX1C101MNL1GS,,,
UUX1C221MNL1GS,,,
UUX1C221MNL6GS,,,
UUX1C331MNL1GS,,,
UUX1C331MNL6GS,,,
UUX1C471MNL1GS,,,
UUX1E101MNL1GS,,,
UUX1E101MNQ1GS,,,
UUX1E221MNL1GS,,,
UUX1E221MNL6GS,,,
UUX1E331MNL1GS,,,
UUX1E470MCL1GS,,,
UUX1E470MCL6GS,,,
UUX1H101MNL1GS,,,
UUX1H220MCL1GS,,,
UUX1H220MCL6GS,,,
UUX1H330MNL1GS,,,
UUX1H470MNL1GS,,,
UUX1H470MNL6GS,,,
UUX1J100MCL1GS,,,
UUX1J101MNL1GS,,,
UUX1J220MNL1GS,,,
UUX1J330MNL1GS,,,
UUX1J330MNL6GS,,,
UUX1J470MNL1GS,,,
UUX1V101MNL1GS,,,
UUX1V101MNL6GS,,,
UUX1V221MNL1GS,,,
UUX1V330MCL1GS,,,
UUX1V330MCL6GS,,,
UUX1V470MNL1GS,,,
UUX2A100MNL1GS,,,
UUX2A220MNL1GS,,,
UUX2A220MNL6GS,,,
UUX2A220MNS1GS,,,
UUX2A330MNL1GS,,,
UUX2A470MNL1GS,,,
UUX2A470MNQ1GS,,,
UUX2A4R7MCL1GS,,,
UUX2C100MNL1GS,,,
UUX2C180MNL1GS,,,
UUX2D100MNL1GS,,,
UUX2D3R3MNL1GS,,,
UUX2D3R9MNL1GS,,,
UUX2D4R7MNL1GS,,,
UUX2D6R8MNL1GS,,,
UUX2E100MNL1GS,,,
UUX2E3R3MNL1GS,,,
UUX2E3R9MNL1GS,,,
UUX2E4R7MNL1GS,,,
UUX2E6R8MNL1GS,,,
UUX2G010MNL1GS,,,
UUX2G1R8MNL1GS,,,
UUX2G2R2MNL1GS,,,
UUX2G3R3MNL1GS,,,
UUX2G3R9MNL1GS,,,
UUX2G4R7MNL1GS,,,
UVK0J102MPD,,,
UVK0J103MHD,,,
UVK0J153MHD,,,
UVK0J222MPD,,,
UVK0J223MHD,,,
UVK0J332MPD,,,
UVK0J472MHD,,,
UVK0J682MHD,,,
UVK1A102MPD,,,
UVK1A103MHD,,,
UVK1A153MHD,,,
UVK1A222MPD,,,
UVK2V680MHD,,,
UVK2W100MPD,,,
UVK2W100MPD1TD,,,
UVK2W101MHD,,,
UVK2W220MHD,,,
UVK2W2R2MPD,,,
UVK2W2R2MPD1TD,,,
UVK2W330MHD,,,
UVK2W3R3MPD,,,
UVK2W470MHD,,,
UVK2W4R7MPD,,,
UVK2W4R7MPD1TD,,,
UVK2W680MHD,,,
UVP0J102MPD,,,
UVP0J221MPD,,,
UVP0J222MHD,,,
UVP0J331MPD,,,
UVP0J332MHD,,,
UVP0J471MPD,,,
UVP0J472MHD,,,
UVP0J682MHD,,,
UVP1A102MHD,,,
UVP1A221MPD,,,
UVP1A221MPD1TD,,,
UVP1A222MHD,,,
UVP1A331MPD,,,
UVP1A332MHD,,,
UVP1A471MPD,,,
UVP1A472MHD,,,
UVP1C101MPD,,,
UVP1C101MPD1TD,,,
UVP1C102MHD,,,
UVP1C221MPD,,,
UVP1C221MPD1TD,,,
UVP1C222MHD,,,
UVP1C331MPD,,,
UVP1C332MHD,,,
UVP1C471MPD,,,
UVP1E101MPD,,,
UVP1E101MPD1TD,,,
UVP1E102MHD,,,
UVP1E221MPD,,,
UVP1E221MPD1TD,,,
UVP1E222MHD,,,
UVP1E331MHD,,,
UVP1E471MHD,,,
UVP1H101MPD,,,
UVP1H101MPD1TD,,,
UVP1H220MPD,,,
UVP1H220MPD1TD,,,
UVP1H221MHD,,,
UVP1H330MPD,,,
UVP1H330MPD1TD,,,
UVP1H331MHD,,,
UVP1H470MPD,,,
UVP1H470MPD1TD,,,
UVP1H471MHD,,,
UVP1J101MHD,,,
UVP1J220MPD,,,
UVP1J221MHD,,,
UVP1J330MPD,,,
UVP1J331MHD,,,
UVP1J470MPD,,,
UVP1J471MHD,,,
UVP1V101MPD,,,
UVP1V102MHD,,,
UVP1V221MHD,,,
UVP1V330MPD,,,
UVP1V331MHD,,,
UVP1V470MPD,,,
UVP1V471MHD,,,
UVP2A100MPD,,,
UVP2A101MHD,,,
UVP2A220MPD,,,
UVP2A221MHD,,,
UVP2A330MHD,,,
UVP2A470MHD,,,
UVR0J102MPD,,,
UVR0J103MHD,,,
UVR0J153MHD,,,
UVR0J222MPD,,,
UVR0J223MHD,,,
UVR0J332MPD,,,
UVR0J472MHD,,,
UVR0J682MHD,,,
UVR1A102MPD,,,
UVR1A103MHD,,,
UVR1A153MHD,,,
UVR1A222MPD,,,
UVR1A332MHD,,,
UVR1A472MHD,,,
UVR1A682MHD,,,
UVR1C102MPD,,,
UVR1C103MHD,,,
UVR1C222MHD,,,
UVR1C331MPD,,,
UVR1C332MHD,,,
UVR1C471MPD,,,
UVR1C472MHD,,,
UVR1C682MHD,,,
UVR1E102MPD,,,
UVR1E221MPD,,,
UVR1E222MHD,,,
UVR1E331MPD,,,
UVR1E332MHD,,,
UVR1E471MPD,,,
UVR1E472MHD,,,
UVR1E682MHD,,,
UVR1H101MPD,,,
UVR1H102MHD,,,
UVR1H221MPD,,,
UVR1H222MHD,,,
UVR1H331MPD,,,
UVR1H332MHD,,,
UVR1H471MHD,,,
UVR1J101MPD,,,
UVR1J102MHD,,,
UVR1J221MPD,,,
UVR1J222MHD,,,
UVR1J331MPD,,,
UVR1J471MHD,,,
UVR1V102MHD,,,
UVR1V221MPD,,,
UVR1V222MHD,,,
UVR1V331MPD,,,
UVR1V332MHD,,,
UVR1V471MPD,,,
UVR1V472MHD,,,
UVR2A101MPD,,,
UVR2A102MHD,,,
UVR2A221MHD,,,
UVR2A330MPD,,,
UVR2A331MHD,,,
UVR2A470MPD,,,
UVR2A471MHD,,,
UVR2C100MPD,,,
UVR2C101MHD,,,
UVR2C220MPD,,,
UVR2C221MHD,,,
UVR2C330MPD,,,
UVR2C331MHD,,,
UVR2C470MHD,,,
UVR2D100MPD,,,
UVR2D101MHD,,,
UVR2D220MPD,,,
UVR2D221MHD,,,
UVR2D330MHD,,,
UVR2D470MHD,,,
UVR2D4R7MPD,,,
UVR2E100MPD,,,
UVR2E101MHD,,,
UVR2E220MHD,,,
UVR2E330MHD,,,
UVR2E3R3MPD,,,
UVR2E470MHD,,,
UVR2E4R7MPD,,,
UVR2F100MPD,,,
UVR2F101MHD,,,
UVR2F220MHD,,,
UVR2F2R2MPD,,,
UVR2F330MHD,,,
UVR2F3R3MPD,,,
UVR2F470MHD,,,
UVR2F4R7MPD,,,
UVR2G010MPD,,,
UVR2G100MHD,,,
UVR2G220MHD,,,
UVR2G2R2MPD,,,
UVR2G330MHD,,,
UVR2G3R3MPD,,,
UVR2G470MHD,,,
UVR2G4R7MPD,,,
UVR2V100MPD,,,
UVR2V101MHD,,,
UVR2V220MHD,,,
UVR2V2R2MPD,,,
UVR2V330MHD,,,
UVR2V3R3MPD,,,
UVR2V470MHD,,,
UVR2V4R7MPD,,,
UVR2W010MPD,,,
UVR2W100MHD,,,
UVR2W220MHD,,,
UVR2W2R2MPD,,,
UVR2W330MHD,,,
UVR2W3R3MPD,,,
UVR2W470MHD,,,
UVR2W4R7MPD,,,
UVY0J102MPD,,,
UVY0J103MHD,,,
UVY0J153MHD,,,
UVY0J222MPD,,,
UVY0J223MHD,,,
UVY0J332MPD,,,
UVY0J472MHD,,,
UVY0J682MHD,,,
UVY1A102MPD,,,
UVY1A103MHD,,,
UVY1A153MHD,,,
UVY1A222MPD,,,
UVY1A223MHD,,,
UVY1A332MHD,,,
UVY1A472MHD,,,
UVY1A682MHD,,,
UVY1C102MPD,,,
UVY1C103MHD,,,
UVY1C153MHD,,,
UVY1C222MPD,,,
UVY1C332MHD,,,
UVY1C471MPD,,,
UVY1C472MHD,,,
UVY1C682MHD,,,
UVY1E102MPD,,,
UVY1E103MHD,,,
UVY1E222MHD,,,
UVY1E331MPD,,,
UVY1E332MHD,,,
UVY1E471MPD,,,
UVY1E472MHD,,,
UVY1E682MHD,,,
UVY1H101MPD,,,
UVY1H102MHD,,,
UVY1H221MPD,,,
UVY1H222MHD,,,
UVY1H331MPD,,,
UVY1H332MHD,,,
UVY1H471MPD,,,
UVY1J101MPD,,,
UVY1J102MHD,,,
UVY1J221MPD,,,
UVY1J222MHD,,,
UVY1J331MPD,,,
UVY1J471MHD,,,
UVY1J680MPD,,,
UVY1V102MHD,,,
UVY1V221MPD,,,
UVY1V222MHD,,,
UVY1V331MPD,,,
UVY1V332MHD,,,
UVY1V471MPD,,,
UVY1V472MHD,,,
UVY1V682MHD,,,
UVY2A101MPD,,,
UVY2A102MHD,,,
UVY2A221MHD,,,
UVY2A330MPD,,,
UVY2A331MHD,,,
UVY2A470MPD,,,
UVY2A471MHD,,,
UVY2A680MPD,,,
UVY2C100MPD,,,
UVY2C101MHD,,,
UVY2C220MPD,,,
UVY2C221MHD,,,
UVY2C330MPD,,,
UVY2C331MHD,,,
UVY2C470MPD,,,
UVY2C471MHD,,,
UVY2C680MHD,,,
UVY2D100MPD,,,
UVY2D101MHD,,,
UVY2D220MPD,,,
UVY2D221MHD,,,
UVY2D330MPD,,,
UVY2D331MHD,,,
UVY2D470MHD,,,
UVY2D680MHD,,,
UVY2E100MPD,,,
UVY2E101MHD,,,
UVY2E220MPD,,,
UVY2E221MHD,,,
UVY2E330MPD,,,
UVY2E470MHD,,,
UVY2E680MHD,,,
UVY2G100MPD,,,
UVY2G101MHD,,,
UVY2G220MHD,,,
UVY2G2R2MPD,,,
UVY2G330MHD,,,
UVY2G3R3MPD,,,
UVY2G470MHD,,,
UVY2G4R7MPD,,,
UVY2G680MHD,,,
UVY2V100MPD,,,
UVY2V101MHD,,,
UVY2V220MHD,,,
UVY2V330MHD,,,
UVY2V3R3MPD,,,
UVY2V470MHD,,,
UVY2V4R7MPD,,,
UVY2V680MHD,,,
UVY2W100MPD,,,
UVY2W101MHD,,,
UVY2W220MHD,,,
UVY2W2R2MPD,,,
UVY2W330MHD,,,
UVY2W3R3MPD,,,
UVY2W470MHD,,,
UVY2W4R7MPD,,,
UVY2W680MHD,,,
UVZ0J102MPD,,,
UVZ0J103MHD,,,
UVZ0J153MHD,,,
UVZ0J222MPD,,,
UVZ0J223MHD,,,
UVZ0J332MPD,,,
UVZ0J472MHD,,,
UVZ0J682MHD,,,
UVZ1A102MPD,,,
UVZ1A103MHD,,,
UVZ1A153MHD,,,
UVZ1A222MPD,,,
UVZ1A332MHD,,,
UVZ1A472MHD,,,
UVZ1A682MHD,,,
UVZ1C102MPD,,,
UVZ1C103MHD,,,
UVZ1C222MHD,,,
UVZ1C331MPD,,,
UVZ1C332MHD,,,
UVZ1C471MPD,,,
UVZ1C472MHD,,,
UVZ1C682MHD,,,
UVZ1E102MPD,,,
UVZ1E221MPD,,,
UVZ1E222MHD,,,
UVZ1E331MPD,,,
UVZ1E332MHD,,,
UVZ1E471MPD,,,
UVZ1E472MHD,,,
UVZ1E682MHD,,,
UVZ1H101MPD,,,
UVZ1H102MHD,,,
UVZ1H221MPD,,,
UVZ1H222MHD,,,
UVZ1H331MPD,,,
UVZ1H332MHD,,,
UVZ1H471MHD,,,
UVZ1J101MPD,,,
UVZ1J102MHD,,,
UVZ1J221MPD,,,
UVZ1J222MHD,,,
UVZ1J331MPD,,,
UVZ1J471MHD,,,
UVZ1V102MHD,,,
UVZ1V221MPD,,,
UVZ1V222MHD,,,
UVZ1V331MPD,,,
UVZ1V332MHD,,,
UVZ1V471MPD,,,
UVZ1V472MHD,,,
UVZ2A101MPD,,,
UVZ2A102MHD,,,
UVZ2A221MHD,,,
UVZ2A330MPD,,,
UVZ2A331MHD,,,
UVZ2A470MPD,,,
UVZ2A471MHD,,,
UVZ2C100MPD,,,
UVZ2C101MHD,,,
UVZ2C220MPD,,,
UVZ2C221MHD,,,
UVZ2C330MPD,,,
UVZ2C331MHD,,,
UVZ2C470MHD,,,
UVZ2D100MPD,,,
UVZ2D101MHD,,,
UVZ2D220MPD,,,
UVZ2D221MHD,,,
UVZ2D330MHD,,,
UVZ2D470MHD,,,
UVZ2D4R7MPD,,,
UVZ2E100MPD,,,
UVZ2E101MHD,,,
UVZ2E220MHD,,,
UVZ2E330MHD,,,
UVZ2E3R3MPD,,,
UVZ2E470MHD,,,
UVZ2E4R7MPD,,,
UVZ2F100MPD,,,
UVZ2F101MHD,,,
UVZ2F220MHD,,,
UVZ2F2R2MPD,,,
UVZ2F330MHD,,,
UVZ2F3R3MPD,,,
UVZ2F470MHD,,,
UVZ2F4R7MPD,,,
UVZ2G010MPD,,,
UVZ2G100MHD,,,
UVZ2G220MHD,,,
UVZ2G2R2MPD,,,
UVZ2G330MHD,,,
UVZ2G3R3MPD,,,
UVZ2G470MHD,,,
UVZ2G4R7MPD,,,
UVZ2V100MPD,,,
UVZ2V101MHD,,,
UVZ2V220MHD,,,
UVZ2V2R2MPD,,,
UVZ2V330MHD,,,
UVZ2V3R3MPD,,,
UVZ2V470MHD,,,
UVZ2V4R7MPD,,,
UVZ2W010MPD,,,
UVZ2W100MHD,,,
UVZ2W220MHD,,,
UVZ2W2R2MPD,,,
UVZ2W330MHD,,,
UVZ2W3R3MPD,,,
UVZ2W470MHD,,,
UVZ2W4R7MPD,,,
UWD0J101MCL1GS,,,
UWD0J102MCL1GS,,,
UWD0J151MCL1GS,,,
UWD0J152MCL1GS,,,
UWD0J221MCL1GS,,,
UWD0J270MCL1GS,,,
UWD0J330MCL1GS,,,
UWD0J331MCL1GS,,,
UWD0J470MCL1GS,,,
UWD0J471MCL1GS,,,
UWD0J560MCL1GS,,,
UWD0J680MCL1GS,,,
UWD0J681MCL1GS,,,
UWD1A101MCL1GS,,,
UWD1A102MCL1GS,,,
UWD1A151MCL1GS,,,
UWD1A220MCL1GS,,,
UWD1A221MCL1GS,,,
UWD1A270MCL1GS,,,
UWD1A330MCL1GS,,,
UWD1A331MCL1GS,,,
UWD1A470MCL1GS,,,
UWD1A471MCL1GS,,,
UWD1A560MCL1GS,,,
UWD1A680MCL1GS,,,
UWD1A681MCL1GS,,,
UWD1C101MCL1GS,,,
UWD1C150MCL1GS,,,
UWD1C151MCL1GS,,,
UWD1C220MCL1GS,,,
UWD1C221MCL1GS,,,
UWD1C270MCL1GS,,,
UWD1C330MCL1GS,,,
UWD1C331MCL1GS,,,
UWD1C470MCL1GS,,,
UWD1C471MCL1GS,,,
UWD1C560MCL1GS,,,
UWD1C680MCL1GS,,,
UWD1C681MCL1GS,,,
UWD1E100MCL1GS,,,
UWD1E101MCL1GS,,,
UWD1E150MCL1GS,,,
UWD1E151MCL1GS,,,
UWD1E220MCL1GS,,,
UWD1E221MCL1GS,,,
UWD1E270MCL1GS,,,
UWD1E330MCL1GS,,,
UWD1E331MCL1GS,,,
UWD1E470MCL1GS,,,
UWD1E471MCL1GS,,,
UWD1E560MCL1GS,,,
UWD1E680MCL1GS,,,
UWD1H010MCL1GS,,,
UWD1H100MCL1GS,,,
UWD1H101MCL1GS,,,
UWD1H150MCL1GS,,,
UWD1H151MCL1GS,,,
UWD1H220MCL1GS,,,
UWD1H220MCQ1GS,,,
UWD1H221MCL1GS,,,
UWD1H221MCQ1GS,,,
UWD1H270MCL1GS,,,
UWD1H2R2MCL1GS,,,
UWD1H330MCL1GS,,,
UWD1H3R3MCL1GS,,,
UWD1H470MCL1GS,,,
UWD1H4R7MCL1GS,,,
UWD1H560MCL1GS,,,
UWD1H680MCL1GS,,,
UWD1V100MCL1GS,,,
UWD1V101MCL1GS,,,
UWD1V101MCQ1GS,,,
UWD1V150MCL1GS,,,
UWD1V151MCL1GS,,,
UWD1V220MCL1GS,,,
UWD1V220MCQ1GS,,,
UWD1V221MCL1GS,,,
UWD1V221MCQ1GS,,,
UWD1V270MCL1GS,,,
UWD1V330MCL1GS,,,
UWD1V331MCL1GS,,,
UWD1V470MCL1GS,,,
UWD1V4R7MCL1GS,,,
UWD1V560MCL1GS,,,
UWD1V680MCL1GS,,,
UWG0J101MCL1GB,,,
UWG0J102MNL1GS,,,
UWG0J152MNL1GS,,,
UWG0J220MCL1GB,,,
UWG0J221MCL1GS,,,
UWG0J331MNL1GS,,,
UWG0J470MCL1GB,,,
UWG0J680MCL1GB,,,
UWG1A101MCL1GS,,,
UWG1A102MNL1GS,,,
UWG1A151MCL1GS,,,
UWG1A221MNL1GS,,,
UWG1A330MCL1GB,,,
UWG1A471MNL1GS,,,
UWG1C100MCL1GB,,,
UWG1C101MCL1GS,,,
UWG1C220MCL1GB,,,
UWG1C221MNL1GS,,,
UWG1C331MNL1GS,,,
UWG1C470MCL1GB,,,
UWG1C471MNL1GS,,,
UWG1C680MCL1GS,,,
UWG1C681MNL1GS,,,
UWG1E101MNL1GS,,,
UWG1E220MCL1GB,,,
UWG1E221MNL1GS,,,
UWG1E330MCL1GB,,,
UWG1E331MNL1GS,,,
UWG1E470MCL1GS,,,
UWG1E471MNL1GS,,,
UWG1E680MNL1GS,,,
UWG1E6R8MCL1GB,,,
UWG1H010MCL1GB,,,
UWG1H100MCL1GB,,,
UWG1H101MNL1GS,,,
UWG1H220MCL1GS,,,
UWG1H221MNL1GS,,,
UWG1H2R2MCL1GB,,,
UWG1H330MNL1GS,,,
UWG1H3R3MCL1GB,,,
UWG1H470MNL1GS,,,
UWG1H4R7MCL1GB,,,
UWG1V010MCL1GB,,,
UWG1V100MCL1GB,,,
UWG1V101MNL1GS,,,
UWG1V220MCL1GB,,,
UWG1V221MNL1GS,,,
UWG1V2R2MCL1GB,,,
UWG1V330MCL1GS,,,
UWG1V331MNL1GS,,,
UWG1V3R3MCL1GB,,,
UWG1V470MCL1GS,,,
UWG1V4R7MCL1GB,,,
UWG1V6R8MCL1GB,,,
UWH1A101MCL1GS,,,
UWH1A221MCL1GS,,,
UWH1A331MCL1GS,,,
UWH1C101MCL1GS,,,
UWH1C221MCL1GS,,,
UWH1E101MCL1GS,,,
UWH1E221MCL1GS,,,
UWH1E470MCL1GS,,,
UWH1H100MCL1GS,,,
UWH1H220MCL1GS,,,
UWH1H330MCL1GS,,,
UWH1H470MCL1GS,,,
UWH1V101MCL1GS,,,
UWH1V330MCL1GS,,,